ticket_id,dia_semana,hora_creacion,categoria,prioridad,seniority_agente,tiempo_resolucion_hrs,incumple_sla
1,Martes,6,Acceso,Alta,Junior,11.08,0
2,Martes,19,Hardware,Media,Junior,10.04,1
3,Martes,14,Software,Baja,Junior,14.8,1
4,Jueves,10,Acceso,Alta,Senior,0.5,0
5,Miércoles,7,Redes,Baja,Junior,27.49,1
6,Martes,20,Acceso,Baja,Junior,15.26,1
7,Domingo,6,Acceso,Media,Junior,8.68,0
8,Martes,18,Acceso,Media,Semi-Senior,9.41,1
9,Sábado,22,Software,Baja,Senior,11.88,0
10,Lunes,10,Redes,Media,Junior,15.3,0
11,Sábado,10,Redes,Baja,Semi-Senior,14.62,0
12,Sábado,23,Acceso,Baja,Junior,16.03,0
13,Lunes,20,Acceso,Alta,Semi-Senior,3.83,0
14,Domingo,3,Acceso,Baja,Semi-Senior,23.98,1
15,Miércoles,7,Software,Baja,Junior,13.16,1
16,Sábado,23,Software,Baja,Junior,24.04,1
17,Miércoles,2,Hardware,Alta,Senior,18.09,1
18,Sábado,21,Redes,Baja,Junior,14.28,1
19,Viernes,20,Hardware,Baja,Semi-Senior,9.18,1
20,Lunes,1,Hardware,Media,Junior,11.99,0
21,Sábado,23,Acceso,Baja,Junior,14.58,0
22,Viernes,11,Software,Baja,Semi-Senior,14.53,1
23,Jueves,5,Hardware,Media,Senior,0.5,0
24,Viernes,1,Hardware,Baja,Semi-Senior,9.02,0
25,Martes,20,Hardware,Alta,Junior,6.1,0
26,Sábado,0,Acceso,Baja,Semi-Senior,8.49,0
27,Viernes,11,Acceso,Baja,Semi-Senior,20.05,1
28,Miércoles,21,Software,Baja,Semi-Senior,11.94,1
29,Jueves,11,Hardware,Baja,Semi-Senior,10.55,0
30,Domingo,16,Hardware,Media,Junior,6.87,0
31,Sábado,9,Software,Baja,Semi-Senior,21.92,1
32,Martes,15,Software,Baja,Semi-Senior,11.58,0
33,Domingo,14,Software,Media,Junior,9.06,1
34,Viernes,14,Redes,Media,Semi-Senior,2.54,0
35,Domingo,18,Software,Baja,Junior,13.12,1
36,Domingo,11,Acceso,Baja,Junior,17.15,1
37,Jueves,22,Redes,Baja,Senior,7.12,0
38,Domingo,19,Software,Baja,Junior,12.88,1
39,Domingo,2,Acceso,Baja,Junior,18.46,1
40,Sábado,4,Software,Media,Semi-Senior,12.67,0
41,Jueves,18,Software,Alta,Senior,0.72,0
42,Martes,6,Redes,Baja,Senior,5.07,0
43,Viernes,20,Acceso,Baja,Semi-Senior,7.11,0
44,Jueves,8,Hardware,Baja,Junior,,1
45,Jueves,6,Software,Baja,Senior,13.65,0
46,Lunes,17,Redes,Baja,Semi-Senior,,1
47,Jueves,3,Acceso,Alta,Junior,25.67,1
48,Lunes,13,Software,Media,Senior,4.84,0
49,Viernes,17,Hardware,Alta,Junior,5.49,0
50,Domingo,8,Acceso,Alta,Junior,4.97,0
51,Sábado,20,Acceso,Baja,Senior,19.15,1
52,Sábado,1,Redes,Media,Semi-Senior,4.59,0
53,Viernes,19,Software,Baja,Junior,13.96,0
54,Viernes,14,Software,Baja,Junior,14.37,1
55,Miércoles,6,Acceso,Alta,Semi-Senior,0.5,0
56,Domingo,11,Software,Baja,Junior,22.53,1
57,Viernes,7,Acceso,Alta,Junior,9.39,1
58,Jueves,14,Hardware,Baja,Semi-Senior,18.41,1
59,Sábado,2,Redes,Alta,Senior,10.77,0
60,Martes,13,Software,Alta,Semi-Senior,0.81,0
61,Sábado,16,Software,Media,Semi-Senior,12.1,0
62,Lunes,3,Redes,Media,Semi-Senior,,0
63,Sábado,17,Hardware,Baja,Semi-Senior,10.68,1
64,Miércoles,7,Hardware,Alta,Junior,12.63,0
65,Domingo,3,Hardware,Alta,Senior,0.5,0
66,Viernes,1,Hardware,Media,Semi-Senior,,0
67,Domingo,5,Hardware,Media,Junior,5.97,0
68,Viernes,21,Acceso,Media,Junior,10.35,0
69,Sábado,9,Software,Alta,Semi-Senior,16.35,0
70,Martes,3,Software,Media,Junior,22.72,0
71,Martes,21,Software,Alta,Junior,15.81,0
72,Miércoles,17,Acceso,Media,Semi-Senior,11.96,1
73,Lunes,11,Redes,Baja,Senior,11.73,0
74,Sábado,1,Hardware,Baja,Semi-Senior,9.92,0
75,Viernes,9,Redes,Baja,Junior,19.79,1
76,Sábado,3,Hardware,Baja,Junior,14.02,0
77,Miércoles,13,Hardware,Baja,Semi-Senior,7.42,1
78,Jueves,15,Redes,Media,Junior,35.05,1
79,Jueves,14,Software,Baja,Semi-Senior,14.97,0
80,Miércoles,7,Acceso,Baja,Junior,,1
81,Viernes,13,Redes,Media,Senior,2.82,0
82,Domingo,22,Software,Alta,Semi-Senior,15.91,1
83,Miércoles,7,Hardware,Media,Junior,10.43,1
84,Viernes,20,Software,Alta,Senior,6.21,0
85,Martes,15,Hardware,Media,Junior,,0
86,Miércoles,12,Hardware,Baja,Junior,12.78,0
87,Viernes,17,Software,Media,Senior,7.23,0
88,Miércoles,14,Hardware,Media,Junior,30.68,1
89,Miércoles,20,Acceso,Baja,Semi-Senior,23.68,1
90,Domingo,23,Software,Baja,Junior,15.43,0
91,Domingo,12,Redes,Media,Junior,8.21,0
92,Viernes,8,Hardware,Baja,Junior,19.46,1
93,Viernes,14,Hardware,Media,Semi-Senior,18.57,0
94,Lunes,12,Acceso,Baja,Semi-Senior,10.14,1
95,Miércoles,0,Acceso,Media,Junior,12.97,0
96,Jueves,6,Redes,Media,Junior,10.7,1
97,Miércoles,8,Hardware,Baja,Senior,9.8,0
98,Miércoles,23,Redes,Baja,Senior,12.39,0
99,Viernes,0,Redes,Media,Semi-Senior,7.81,0
100,Miércoles,11,Hardware,Alta,Senior,2.1,0
101,Sábado,7,Redes,Alta,Semi-Senior,0.72,0
102,Miércoles,23,Redes,Baja,Junior,26.56,1
103,Sábado,10,Acceso,Media,Junior,20.15,0
104,Domingo,18,Acceso,Baja,Junior,11.83,1
105,Jueves,16,Redes,Baja,Senior,9.85,0
106,Viernes,7,Hardware,Baja,Semi-Senior,8.41,0
107,Miércoles,2,Acceso,Media,Semi-Senior,6.97,0
108,Sábado,2,Redes,Baja,Junior,15.09,0
109,Sábado,0,Software,Baja,Semi-Senior,17.8,0
110,Domingo,4,Software,Media,Semi-Senior,3.49,0
111,Sábado,9,Redes,Media,Senior,11.94,0
112,Martes,6,Software,Baja,Junior,15.77,1
113,Lunes,8,Acceso,Baja,Semi-Senior,13.27,1
114,Jueves,6,Hardware,Baja,Junior,13.29,1
115,Domingo,8,Redes,Baja,Semi-Senior,9.16,0
116,Domingo,7,Acceso,Media,Semi-Senior,2.15,0
117,Miércoles,11,Hardware,Baja,Junior,22.8,1
118,Martes,1,Software,Media,Semi-Senior,,0
119,Miércoles,0,Software,Alta,Junior,5.33,0
120,Miércoles,15,Software,Baja,Senior,10.38,0
121,Viernes,22,Software,Alta,Junior,4.54,0
122,Viernes,22,Acceso,Baja,Semi-Senior,17.48,1
123,Viernes,23,Acceso,Baja,Senior,13.01,1
124,Martes,4,Hardware,Baja,Junior,15.07,1
125,Miércoles,2,Redes,Baja,Semi-Senior,19.9,1
126,Lunes,11,Hardware,Baja,Semi-Senior,8.43,1
127,Jueves,7,Redes,Baja,Junior,12.18,0
128,Viernes,21,Software,Media,Semi-Senior,9.22,0
129,Viernes,2,Software,Alta,Semi-Senior,0.5,0
130,Domingo,0,Software,Media,Senior,2.57,0
131,Miércoles,2,Software,Baja,Senior,32.59,1
132,Miércoles,4,Acceso,Media,Semi-Senior,8.7,0
133,Martes,14,Hardware,Media,Semi-Senior,7.78,1
134,Martes,13,Redes,Alta,Senior,37.35,0
135,Viernes,2,Redes,Alta,Semi-Senior,17.45,0
136,Miércoles,0,Acceso,Alta,Junior,8.29,0
137,Lunes,4,Software,Baja,Semi-Senior,16.69,1
138,Jueves,22,Hardware,Media,Senior,1.87,0
139,Miércoles,13,Software,Baja,Semi-Senior,12.47,1
140,Domingo,6,Acceso,Alta,Semi-Senior,8.97,0
141,Miércoles,8,Redes,Baja,Junior,14.37,0
142,Sábado,14,Acceso,Baja,Senior,7.08,0
143,Martes,14,Redes,Baja,Semi-Senior,18.72,1
144,Domingo,9,Hardware,Media,Semi-Senior,7.07,0
145,Jueves,12,Redes,Baja,Junior,14.29,0
146,Viernes,18,Hardware,Baja,Junior,18.15,1
147,Domingo,6,Software,Alta,Semi-Senior,1.68,0
148,Miércoles,16,Software,Alta,Senior,3.0,0
149,Viernes,19,Acceso,Baja,Junior,17.71,1
150,Miércoles,3,Hardware,Baja,Junior,12.14,1
151,Viernes,4,Software,Alta,Junior,19.01,0
152,Jueves,22,Hardware,Alta,Junior,7.24,0
153,Martes,6,Software,Media,Junior,16.48,1
154,Jueves,12,Software,Media,Semi-Senior,3.33,0
155,Sábado,14,Redes,Baja,Senior,15.72,0
156,Lunes,10,Acceso,Alta,Junior,11.43,0
157,Martes,3,Redes,Media,Semi-Senior,3.92,0
158,Jueves,12,Hardware,Media,Junior,6.78,0
159,Sábado,6,Software,Baja,Junior,,1
160,Lunes,18,Acceso,Alta,Junior,9.33,0
161,Sábado,21,Software,Media,Semi-Senior,4.94,0
162,Miércoles,1,Software,Baja,Junior,27.6,1
163,Miércoles,9,Redes,Media,Semi-Senior,7.64,0
164,Viernes,12,Hardware,Media,Junior,10.37,1
165,Martes,20,Acceso,Media,Junior,8.27,0
166,Miércoles,5,Acceso,Media,Junior,21.61,0
167,Domingo,11,Acceso,Media,Senior,12.35,0
168,Sábado,11,Hardware,Alta,Semi-Senior,1.18,0
169,Martes,19,Acceso,Baja,Senior,14.02,0
170,Domingo,10,Hardware,Baja,Junior,19.61,0
171,Miércoles,22,Acceso,Baja,Junior,19.9,1
172,Viernes,6,Software,Media,Junior,12.35,0
173,Jueves,0,Hardware,Media,Junior,4.94,0
174,Viernes,0,Redes,Alta,Semi-Senior,3.11,0
175,Domingo,19,Acceso,Media,Junior,14.52,1
176,Lunes,12,Redes,Media,Junior,10.04,0
177,Miércoles,8,Hardware,Alta,Semi-Senior,0.5,0
178,Domingo,2,Software,Baja,Semi-Senior,16.66,1
179,Lunes,6,Redes,Alta,Senior,3.57,0
180,Lunes,5,Redes,Baja,Junior,19.71,1
181,Sábado,7,Software,Media,Semi-Senior,6.64,0
182,Martes,8,Software,Media,Junior,12.87,1
183,Sábado,4,Hardware,Media,Senior,16.28,0
184,Miércoles,0,Acceso,Baja,Semi-Senior,17.49,1
185,Lunes,18,Redes,Baja,Semi-Senior,29.57,0
186,Domingo,9,Redes,Media,Junior,12.43,1
187,Jueves,11,Hardware,Alta,Semi-Senior,2.23,1
188,Lunes,23,Acceso,Baja,Junior,17.41,1
189,Domingo,14,Hardware,Alta,Semi-Senior,5.5,0
190,Jueves,21,Redes,Baja,Senior,7.66,0
191,Sábado,23,Redes,Media,Senior,2.92,0
192,Sábado,8,Software,Media,Semi-Senior,4.21,0
193,Martes,19,Software,Media,Senior,8.7,0
194,Domingo,16,Acceso,Alta,Junior,15.06,1
195,Lunes,16,Redes,Media,Senior,3.09,0
196,Viernes,19,Redes,Media,Semi-Senior,20.72,1
197,Sábado,11,Software,Baja,Semi-Senior,10.74,0
198,Sábado,6,Hardware,Baja,Senior,4.7,0
199,Martes,1,Hardware,Baja,Senior,23.47,1
200,Jueves,2,Redes,Media,Junior,5.58,0
201,Martes,16,Redes,Baja,Semi-Senior,21.9,1
202,Lunes,4,Acceso,Baja,Junior,19.33,1
203,Domingo,16,Acceso,Baja,Senior,17.6,0
204,Miércoles,23,Software,Baja,Semi-Senior,33.99,1
205,Miércoles,16,Redes,Baja,Junior,11.8,1
206,Domingo,16,Hardware,Alta,Semi-Senior,6.68,0
207,Jueves,1,Acceso,Media,Semi-Senior,9.12,0
208,Sábado,1,Software,Media,Semi-Senior,3.77,0
209,Jueves,21,Software,Media,Junior,10.88,1
210,Sábado,22,Hardware,Baja,Junior,18.75,1
211,Sábado,4,Acceso,Alta,Semi-Senior,1.62,0
212,Miércoles,0,Hardware,Baja,Junior,10.7,0
213,Jueves,0,Software,Baja,Semi-Senior,15.08,1
214,Martes,18,Redes,Media,Semi-Senior,,0
215,Sábado,1,Hardware,Baja,Junior,12.4,1
216,Viernes,20,Software,Media,Semi-Senior,9.22,0
217,Viernes,11,Redes,Baja,Semi-Senior,16.21,0
218,Martes,5,Redes,Media,Semi-Senior,17.34,0
219,Viernes,22,Acceso,Baja,Junior,20.0,1
220,Lunes,3,Acceso,Baja,Semi-Senior,20.09,1
221,Sábado,22,Software,Media,Junior,8.89,0
222,Martes,10,Hardware,Baja,Senior,,0
223,Jueves,23,Redes,Baja,Junior,12.2,1
224,Sábado,16,Acceso,Baja,Senior,11.41,0
225,Martes,5,Acceso,Media,Semi-Senior,8.87,0
226,Miércoles,23,Hardware,Media,Senior,11.96,0
227,Jueves,4,Acceso,Baja,Semi-Senior,7.56,0
228,Miércoles,19,Software,Alta,Junior,,0
229,Sábado,1,Hardware,Alta,Senior,0.5,0
230,Jueves,5,Redes,Media,Junior,9.73,0
231,Viernes,21,Software,Media,Junior,10.27,0
232,Martes,10,Redes,Baja,Junior,31.89,0
233,Sábado,15,Redes,Media,Senior,7.93,0
234,Lunes,15,Acceso,Baja,Semi-Senior,12.03,1
235,Jueves,0,Software,Baja,Semi-Senior,10.65,0
236,Jueves,8,Software,Alta,Semi-Senior,1.72,0
237,Domingo,5,Hardware,Media,Semi-Senior,4.06,0
238,Sábado,15,Software,Baja,Semi-Senior,16.32,1
239,Sábado,2,Hardware,Baja,Junior,14.45,1
240,Miércoles,19,Software,Media,Senior,0.5,0
241,Domingo,3,Redes,Baja,Junior,11.7,1
242,Viernes,18,Hardware,Baja,Junior,18.26,1
243,Miércoles,2,Software,Baja,Semi-Senior,8.02,1
244,Domingo,18,Hardware,Baja,Semi-Senior,9.8,1
245,Miércoles,19,Acceso,Media,Semi-Senior,11.15,1
246,Viernes,6,Acceso,Baja,Junior,16.66,1
247,Domingo,19,Hardware,Media,Junior,5.99,0
248,Domingo,8,Hardware,Baja,Semi-Senior,19.03,1
249,Lunes,0,Redes,Media,Semi-Senior,8.73,0
250,Miércoles,7,Software,Alta,Junior,3.53,0
251,Miércoles,6,Acceso,Media,Semi-Senior,1.09,0
252,Jueves,17,Acceso,Alta,Junior,15.79,1
253,Viernes,7,Software,Alta,Junior,6.62,0
254,Martes,0,Acceso,Baja,Junior,14.61,1
255,Lunes,10,Acceso,Media,Senior,2.83,0
256,Domingo,17,Hardware,Alta,Semi-Senior,5.02,0
257,Domingo,22,Acceso,Baja,Junior,12.6,1
258,Domingo,9,Acceso,Baja,Semi-Senior,13.68,0
259,Lunes,2,Acceso,Alta,Senior,0.5,0
260,Domingo,6,Software,Media,Semi-Senior,12.26,0
261,Domingo,15,Redes,Baja,Senior,7.54,0
262,Viernes,15,Hardware,Baja,Junior,16.62,1
263,Sábado,19,Redes,Media,Senior,1.07,0
264,Sábado,16,Acceso,Media,Semi-Senior,11.79,0
265,Jueves,1,Acceso,Media,Junior,6.81,0
266,Jueves,0,Acceso,Media,Semi-Senior,5.16,0
267,Domingo,15,Redes,Media,Senior,7.78,0
268,Viernes,11,Software,Media,Semi-Senior,,0
269,Domingo,4,Software,Media,Semi-Senior,1.02,0
270,Jueves,4,Hardware,Media,Junior,12.27,0
271,Lunes,22,Redes,Media,Semi-Senior,9.97,0
272,Lunes,8,Software,Baja,Junior,13.79,1
273,Martes,8,Hardware,Baja,Junior,20.7,1
274,Sábado,2,Acceso,Alta,Semi-Senior,,0
275,Viernes,18,Acceso,Baja,Senior,5.37,1
276,Miércoles,15,Hardware,Baja,Semi-Senior,10.05,0
277,Sábado,15,Software,Baja,Junior,14.18,1
278,Miércoles,2,Redes,Alta,Semi-Senior,8.45,0
279,Martes,19,Hardware,Baja,Senior,5.31,0
280,Martes,23,Software,Baja,Semi-Senior,11.55,1
281,Domingo,21,Hardware,Baja,Semi-Senior,16.81,0
282,Jueves,23,Software,Media,Senior,1.4,0
283,Martes,0,Acceso,Baja,Semi-Senior,,1
284,Martes,23,Hardware,Baja,Junior,17.91,1
285,Miércoles,19,Redes,Baja,Junior,12.61,1
286,Jueves,10,Hardware,Alta,Senior,,0
287,Martes,16,Acceso,Baja,Semi-Senior,15.57,1
288,Sábado,7,Acceso,Baja,Junior,19.46,1
289,Martes,3,Software,Media,Semi-Senior,8.01,0
290,Jueves,5,Acceso,Alta,Semi-Senior,1.75,0
291,Domingo,7,Software,Media,Senior,8.81,0
292,Viernes,19,Acceso,Alta,Junior,4.15,0
293,Jueves,2,Software,Alta,Semi-Senior,0.5,0
294,Miércoles,15,Redes,Baja,Senior,10.23,0
295,Viernes,2,Software,Media,Junior,8.81,0
296,Sábado,17,Software,Baja,Junior,,1
297,Lunes,13,Redes,Media,Senior,4.61,0
298,Jueves,17,Software,Baja,Semi-Senior,16.12,0
299,Domingo,1,Software,Baja,Semi-Senior,14.79,1
300,Miércoles,21,Redes,Alta,Semi-Senior,2.42,0
301,Sábado,2,Acceso,Baja,Junior,14.33,1
302,Viernes,15,Hardware,Alta,Senior,7.53,0
303,Sábado,8,Software,Baja,Junior,12.63,1
304,Jueves,3,Acceso,Baja,Junior,18.23,0
305,Martes,0,Hardware,Alta,Junior,8.22,0
306,Domingo,3,Redes,Media,Junior,11.2,0
307,Jueves,0,Software,Media,Senior,4.7,0
308,Lunes,13,Software,Baja,Semi-Senior,17.67,1
309,Jueves,20,Redes,Media,Senior,2.15,0
310,Viernes,15,Software,Media,Semi-Senior,3.89,0
311,Viernes,19,Hardware,Media,Semi-Senior,6.12,0
312,Jueves,23,Hardware,Baja,Semi-Senior,12.09,1
313,Viernes,7,Redes,Alta,Senior,0.99,0
314,Martes,6,Software,Media,Semi-Senior,7.16,0
315,Sábado,2,Acceso,Alta,Junior,7.77,0
316,Jueves,16,Software,Media,Junior,11.0,0
317,Domingo,0,Redes,Media,Junior,32.43,1
318,Martes,15,Acceso,Baja,Semi-Senior,11.11,0
319,Sábado,11,Hardware,Baja,Senior,14.18,0
320,Domingo,18,Hardware,Alta,Junior,8.18,1
321,Domingo,21,Acceso,Baja,Junior,18.64,1
322,Domingo,22,Acceso,Baja,Junior,26.78,1
323,Sábado,21,Redes,Baja,Semi-Senior,13.77,1
324,Martes,13,Software,Baja,Junior,13.66,1
325,Domingo,5,Hardware,Alta,Junior,15.15,0
326,Domingo,5,Software,Alta,Junior,6.74,0
327,Miércoles,12,Hardware,Baja,Semi-Senior,10.92,0
328,Jueves,18,Software,Baja,Semi-Senior,,0
329,Sábado,21,Hardware,Media,Semi-Senior,10.03,0
330,Sábado,7,Software,Media,Junior,11.42,0
331,Viernes,1,Redes,Alta,Semi-Senior,9.95,0
332,Sábado,20,Hardware,Media,Junior,6.17,0
333,Martes,0,Redes,Baja,Junior,17.22,0
334,Sábado,14,Hardware,Media,Semi-Senior,2.11,0
335,Miércoles,0,Hardware,Alta,Junior,19.53,0
336,Jueves,4,Hardware,Media,Semi-Senior,6.26,0
337,Jueves,15,Software,Media,Junior,17.96,0
338,Sábado,18,Hardware,Baja,Junior,13.55,0
339,Domingo,3,Redes,Media,Senior,2.99,0
340,Lunes,2,Software,Media,Semi-Senior,3.28,0
341,Lunes,16,Software,Baja,Semi-Senior,9.65,1
342,Domingo,16,Hardware,Baja,Senior,6.19,0
343,Domingo,11,Acceso,Baja,Semi-Senior,15.21,0
344,Domingo,13,Software,Baja,Semi-Senior,8.76,0
345,Martes,20,Hardware,Baja,Semi-Senior,16.51,1
346,Lunes,5,Redes,Baja,Junior,,0
347,Domingo,2,Acceso,Media,Junior,11.27,0
348,Martes,8,Software,Baja,Semi-Senior,10.3,1
349,Viernes,4,Acceso,Baja,Junior,18.23,1
350,Martes,23,Software,Alta,Junior,4.88,0
351,Lunes,16,Acceso,Media,Junior,9.79,0
352,Sábado,13,Acceso,Media,Junior,8.29,0
353,Viernes,20,Redes,Baja,Junior,15.93,1
354,Lunes,2,Acceso,Media,Junior,23.79,1
355,Martes,0,Redes,Baja,Junior,14.19,1
356,Miércoles,19,Hardware,Alta,Junior,10.95,0
357,Jueves,20,Software,Baja,Semi-Senior,18.76,0
358,Lunes,22,Redes,Media,Junior,10.05,0
359,Domingo,0,Software,Baja,Senior,13.83,0
360,Martes,2,Redes,Media,Senior,4.26,0
361,Domingo,17,Software,Media,Semi-Senior,15.69,1
362,Domingo,9,Redes,Baja,Semi-Senior,12.18,1
363,Domingo,21,Software,Baja,Junior,20.68,1
364,Domingo,2,Hardware,Media,Junior,7.06,0
365,Domingo,7,Software,Alta,Senior,0.5,0
366,Viernes,13,Hardware,Alta,Junior,14.42,0
367,Lunes,23,Hardware,Baja,Senior,13.15,0
368,Lunes,17,Hardware,Baja,Semi-Senior,11.28,1
369,Jueves,14,Acceso,Alta,Junior,4.79,0
370,Martes,21,Software,Media,Semi-Senior,14.64,0
371,Miércoles,22,Acceso,Media,Semi-Senior,,1
372,Viernes,1,Acceso,Alta,Junior,7.36,0
373,Martes,9,Software,Alta,Junior,13.2,0
374,Viernes,1,Hardware,Media,Semi-Senior,4.35,0
375,Lunes,16,Acceso,Baja,Semi-Senior,11.89,0
376,Domingo,7,Acceso,Baja,Junior,11.65,1
377,Jueves,0,Redes,Media,Junior,11.08,0
378,Jueves,8,Software,Baja,Senior,28.61,1
379,Sábado,10,Acceso,Baja,Semi-Senior,12.57,0
380,Miércoles,21,Software,Baja,Semi-Senior,14.79,0
381,Jueves,15,Software,Baja,Senior,13.55,1
382,Domingo,6,Acceso,Media,Junior,5.28,0
383,Lunes,9,Software,Media,Semi-Senior,5.75,0
384,Miércoles,22,Hardware,Baja,Senior,4.84,1
385,Martes,2,Acceso,Baja,Semi-Senior,10.13,0
386,Domingo,17,Acceso,Alta,Junior,6.52,0
387,Domingo,23,Acceso,Baja,Junior,17.26,1
388,Jueves,12,Redes,Media,Semi-Senior,,0
389,Miércoles,6,Redes,Alta,Junior,21.39,1
390,Lunes,3,Redes,Baja,Senior,13.42,0
391,Sábado,12,Redes,Media,Junior,4.46,0
392,Viernes,19,Acceso,Alta,Junior,3.88,0
393,Viernes,0,Hardware,Baja,Junior,14.87,1
394,Lunes,7,Software,Media,Semi-Senior,11.57,0
395,Lunes,13,Software,Baja,Senior,9.2,0
396,Viernes,15,Acceso,Baja,Semi-Senior,18.5,0
397,Sábado,13,Hardware,Alta,Senior,11.69,0
398,Miércoles,11,Software,Alta,Junior,6.88,0
399,Viernes,18,Hardware,Media,Junior,6.04,0
400,Lunes,22,Acceso,Baja,Senior,5.84,1
401,Jueves,14,Redes,Baja,Senior,7.53,0
402,Martes,1,Hardware,Media,Senior,12.36,0
403,Sábado,1,Software,Baja,Semi-Senior,10.61,0
404,Domingo,22,Software,Media,Junior,10.37,1
405,Sábado,21,Software,Media,Junior,22.05,1
406,Jueves,18,Redes,Media,Senior,6.96,0
407,Jueves,21,Hardware,Media,Junior,5.48,0
408,Domingo,21,Hardware,Baja,Junior,20.28,1
409,Lunes,16,Software,Baja,Semi-Senior,8.35,1
410,Viernes,19,Hardware,Baja,Junior,16.15,1
411,Miércoles,9,Software,Media,Senior,3.46,0
412,Sábado,5,Hardware,Media,Junior,12.15,0
413,Domingo,14,Redes,Media,Semi-Senior,5.34,0
414,Sábado,21,Redes,Media,Semi-Senior,13.6,0
415,Jueves,10,Acceso,Alta,Semi-Senior,2.41,0
416,Viernes,4,Acceso,Baja,Semi-Senior,13.09,1
417,Sábado,0,Acceso,Baja,Junior,16.56,1
418,Miércoles,7,Hardware,Baja,Semi-Senior,9.97,0
419,Jueves,20,Redes,Media,Semi-Senior,4.86,0
420,Miércoles,11,Redes,Baja,Semi-Senior,15.48,1
421,Viernes,11,Redes,Alta,Junior,25.38,0
422,Sábado,4,Software,Media,Junior,18.69,1
423,Martes,6,Hardware,Alta,Junior,10.7,0
424,Sábado,3,Hardware,Alta,Semi-Senior,0.5,0
425,Viernes,5,Acceso,Baja,Junior,18.09,0
426,Sábado,12,Software,Baja,Senior,8.67,0
427,Domingo,19,Software,Media,Semi-Senior,18.42,0
428,Sábado,14,Redes,Baja,Semi-Senior,10.63,1
429,Lunes,2,Acceso,Baja,Senior,28.1,1
430,Sábado,22,Hardware,Media,Junior,17.63,0
431,Sábado,7,Software,Baja,Senior,9.43,0
432,Miércoles,19,Redes,Media,Semi-Senior,4.3,1
433,Martes,15,Hardware,Media,Senior,1.78,0
434,Miércoles,12,Redes,Baja,Senior,7.42,0
435,Miércoles,17,Hardware,Baja,Junior,19.92,1
436,Jueves,9,Redes,Baja,Junior,13.86,1
437,Lunes,18,Hardware,Media,Semi-Senior,1.18,0
438,Miércoles,16,Acceso,Baja,Semi-Senior,9.75,0
439,Domingo,23,Hardware,Alta,Junior,,0
440,Viernes,18,Hardware,Baja,Junior,25.29,1
441,Domingo,22,Hardware,Baja,Junior,17.18,1
442,Viernes,4,Redes,Baja,Semi-Senior,7.76,1
443,Sábado,20,Software,Baja,Senior,6.32,1
444,Jueves,22,Hardware,Baja,Semi-Senior,11.73,1
445,Lunes,8,Hardware,Media,Semi-Senior,31.79,0
446,Domingo,11,Acceso,Media,Junior,7.53,0
447,Lunes,20,Hardware,Baja,Junior,11.02,1
448,Domingo,0,Acceso,Baja,Semi-Senior,8.8,1
449,Sábado,0,Hardware,Media,Senior,0.5,0
450,Viernes,14,Redes,Media,Junior,5.19,0
451,Martes,1,Software,Baja,Semi-Senior,12.39,1
452,Jueves,21,Software,Alta,Senior,0.5,0
453,Domingo,15,Software,Baja,Senior,5.02,0
454,Domingo,7,Redes,Media,Junior,8.63,1
455,Sábado,12,Acceso,Baja,Junior,20.26,1
456,Jueves,20,Software,Baja,Junior,17.84,0
457,Viernes,0,Redes,Alta,Semi-Senior,9.8,0
458,Viernes,15,Redes,Baja,Senior,14.5,0
459,Domingo,6,Hardware,Media,Junior,6.73,0
460,Martes,4,Acceso,Baja,Junior,21.38,1
461,Martes,21,Redes,Media,Senior,6.22,0
462,Lunes,22,Acceso,Alta,Semi-Senior,3.22,0
463,Jueves,2,Software,Baja,Senior,9.26,0
464,Jueves,11,Software,Alta,Junior,18.3,0
465,Viernes,15,Software,Media,Semi-Senior,11.15,0
466,Lunes,18,Hardware,Media,Junior,8.17,0
467,Sábado,4,Hardware,Media,Junior,7.95,0
468,Jueves,21,Acceso,Alta,Semi-Senior,0.5,0
469,Lunes,13,Acceso,Baja,Junior,16.89,0
470,Lunes,4,Hardware,Baja,Junior,17.22,1
471,Domingo,14,Redes,Alta,Senior,11.39,0
472,Viernes,16,Acceso,Media,Junior,11.83,0
473,Lunes,13,Acceso,Baja,Semi-Senior,10.55,1
474,Martes,19,Software,Media,Junior,7.37,0
475,Martes,4,Acceso,Media,Senior,6.78,0
476,Miércoles,11,Acceso,Baja,Junior,26.39,1
477,Viernes,15,Redes,Baja,Semi-Senior,7.71,1
478,Domingo,15,Acceso,Media,Junior,12.42,0
479,Sábado,20,Redes,Baja,Semi-Senior,16.88,1
480,Miércoles,6,Software,Media,Semi-Senior,1.4,0
481,Martes,3,Hardware,Alta,Junior,9.69,0
482,Domingo,0,Software,Baja,Junior,13.46,1
483,Miércoles,4,Redes,Baja,Senior,5.39,0
484,Viernes,22,Redes,Baja,Senior,8.9,0
485,Domingo,9,Acceso,Baja,Junior,10.59,0
486,Viernes,21,Acceso,Media,Junior,13.17,0
487,Lunes,4,Hardware,Baja,Junior,11.78,1
488,Jueves,3,Redes,Media,Junior,19.58,0
489,Lunes,1,Redes,Baja,Senior,7.67,1
490,Viernes,19,Software,Baja,Semi-Senior,10.73,0
491,Domingo,9,Hardware,Baja,Semi-Senior,9.1,0
492,Martes,18,Software,Baja,Senior,6.84,1
493,Sábado,0,Acceso,Baja,Semi-Senior,13.87,0
494,Martes,23,Acceso,Baja,Semi-Senior,17.41,1
495,Domingo,4,Software,Alta,Junior,15.31,0
496,Lunes,12,Acceso,Media,Junior,9.45,1
497,Sábado,3,Software,Baja,Semi-Senior,20.76,0
498,Domingo,15,Redes,Baja,Junior,12.32,1
499,Viernes,23,Redes,Baja,Junior,19.18,1
500,Martes,15,Acceso,Baja,Junior,16.03,1
501,Viernes,22,Hardware,Baja,Junior,31.54,1
502,Sábado,1,Redes,Baja,Semi-Senior,17.76,0
503,Sábado,16,Acceso,Baja,Semi-Senior,12.68,0
504,Martes,19,Hardware,Baja,Junior,12.4,1
505,Viernes,23,Acceso,Baja,Junior,12.98,1
506,Miércoles,11,Software,Baja,Semi-Senior,11.07,0
507,Viernes,17,Acceso,Media,Junior,11.3,1
508,Sábado,2,Software,Baja,Semi-Senior,12.72,0
509,Viernes,0,Redes,Baja,Semi-Senior,8.53,0
510,Domingo,0,Redes,Media,Junior,6.27,0
511,Lunes,18,Acceso,Alta,Semi-Senior,4.9,0
512,Miércoles,10,Hardware,Alta,Semi-Senior,4.16,0
513,Jueves,4,Acceso,Media,Junior,13.24,1
514,Domingo,11,Acceso,Baja,Junior,14.22,1
515,Lunes,2,Redes,Media,Senior,0.79,0
516,Jueves,0,Redes,Media,Junior,8.98,0
517,Martes,0,Acceso,Baja,Senior,9.65,0
518,Jueves,7,Redes,Media,Semi-Senior,0.5,0
519,Domingo,9,Software,Alta,Junior,10.86,0
520,Viernes,10,Acceso,Baja,Junior,11.76,0
521,Domingo,11,Redes,Baja,Semi-Senior,24.31,1
522,Jueves,12,Acceso,Baja,Semi-Senior,24.8,1
523,Sábado,11,Redes,Baja,Semi-Senior,7.23,0
524,Lunes,13,Software,Baja,Senior,8.98,1
525,Lunes,1,Software,Media,Senior,2.0,0
526,Jueves,18,Acceso,Media,Junior,7.77,1
527,Lunes,17,Software,Baja,Senior,12.42,0
528,Sábado,2,Software,Alta,Senior,0.5,0
529,Domingo,22,Redes,Baja,Senior,7.92,0
530,Lunes,16,Acceso,Baja,Semi-Senior,8.59,0
531,Jueves,7,Redes,Media,Semi-Senior,11.34,0
532,Miércoles,9,Redes,Media,Semi-Senior,20.76,0
533,Miércoles,1,Hardware,Media,Junior,8.31,1
534,Martes,18,Software,Alta,Senior,5.05,0
535,Lunes,8,Redes,Media,Junior,19.89,1
536,Domingo,6,Redes,Alta,Junior,6.33,0
537,Jueves,3,Redes,Baja,Senior,11.97,0
538,Lunes,20,Software,Media,Junior,10.93,1
539,Viernes,17,Software,Alta,Senior,5.34,0
540,Sábado,12,Software,Media,Semi-Senior,5.6,0
541,Lunes,10,Acceso,Baja,Junior,20.73,0
542,Lunes,23,Redes,Media,Semi-Senior,2.31,0
543,Miércoles,3,Software,Media,Semi-Senior,8.72,0
544,Sábado,20,Redes,Baja,Semi-Senior,9.62,1
545,Jueves,3,Acceso,Alta,Senior,0.5,0
546,Lunes,9,Hardware,Baja,Senior,17.39,1
547,Miércoles,4,Acceso,Baja,Junior,13.32,0
548,Martes,8,Software,Alta,Junior,8.15,0
549,Sábado,23,Software,Baja,Senior,,0
550,Miércoles,2,Acceso,Baja,Semi-Senior,10.3,1
551,Miércoles,16,Redes,Media,Junior,13.76,1
552,Domingo,2,Software,Media,Senior,4.77,0
553,Miércoles,15,Software,Baja,Senior,13.02,0
554,Domingo,3,Acceso,Alta,Semi-Senior,8.89,0
555,Lunes,17,Redes,Media,Semi-Senior,9.59,0
556,Lunes,16,Acceso,Media,Semi-Senior,18.36,1
557,Martes,6,Acceso,Media,Semi-Senior,7.12,0
558,Viernes,23,Redes,Media,Senior,1.39,0
559,Viernes,22,Redes,Baja,Senior,15.23,0
560,Viernes,4,Hardware,Baja,Semi-Senior,13.69,1
561,Domingo,11,Acceso,Media,Semi-Senior,7.42,0
562,Sábado,16,Redes,Alta,Senior,3.9,0
563,Sábado,22,Software,Baja,Junior,17.15,1
564,Martes,12,Hardware,Media,Junior,10.65,0
565,Sábado,22,Acceso,Alta,Senior,0.5,0
566,Viernes,2,Redes,Baja,Junior,21.12,1
567,Viernes,8,Hardware,Baja,Junior,12.29,0
568,Miércoles,16,Hardware,Baja,Junior,12.63,0
569,Sábado,16,Software,Media,Junior,11.63,0
570,Lunes,19,Hardware,Baja,Junior,19.58,1
571,Lunes,15,Acceso,Baja,Junior,11.9,1
572,Miércoles,21,Redes,Media,Senior,4.74,0
573,Miércoles,12,Hardware,Media,Semi-Senior,2.89,0
574,Miércoles,18,Hardware,Baja,Semi-Senior,15.62,1
575,Lunes,16,Acceso,Baja,Junior,15.2,1
576,Viernes,3,Software,Media,Semi-Senior,11.88,0
577,Miércoles,11,Software,Alta,Semi-Senior,8.86,1
578,Martes,8,Redes,Alta,Semi-Senior,9.31,0
579,Domingo,18,Acceso,Media,Junior,12.32,1
580,Miércoles,11,Software,Baja,Semi-Senior,9.83,0
581,Domingo,8,Redes,Baja,Senior,14.21,0
582,Jueves,6,Redes,Baja,Semi-Senior,9.57,0
583,Miércoles,13,Software,Baja,Semi-Senior,11.04,1
584,Lunes,19,Acceso,Media,Semi-Senior,10.05,0
585,Sábado,18,Hardware,Baja,Semi-Senior,25.82,1
586,Miércoles,14,Software,Baja,Semi-Senior,17.71,1
587,Sábado,15,Hardware,Alta,Junior,10.57,0
588,Jueves,20,Hardware,Baja,Semi-Senior,9.96,0
589,Martes,4,Acceso,Baja,Senior,7.84,0
590,Sábado,2,Acceso,Baja,Semi-Senior,15.17,1
591,Domingo,11,Redes,Media,Junior,11.16,0
592,Viernes,19,Acceso,Media,Junior,5.69,0
593,Miércoles,20,Redes,Baja,Semi-Senior,12.01,1
594,Jueves,3,Software,Media,Senior,11.13,0
595,Jueves,20,Hardware,Media,Semi-Senior,7.62,0
596,Sábado,22,Acceso,Alta,Semi-Senior,1.81,0
597,Martes,15,Software,Alta,Junior,12.23,0
598,Lunes,6,Redes,Alta,Semi-Senior,13.27,0
599,Miércoles,12,Acceso,Media,Semi-Senior,11.25,0
600,Jueves,20,Hardware,Baja,Senior,12.59,0
601,Martes,9,Software,Baja,Junior,13.72,0
602,Viernes,6,Acceso,Baja,Semi-Senior,10.98,0
603,Jueves,13,Acceso,Media,Semi-Senior,5.8,0
604,Martes,4,Software,Alta,Semi-Senior,0.76,0
605,Lunes,2,Redes,Media,Senior,4.66,0
606,Lunes,22,Redes,Baja,Junior,20.67,1
607,Jueves,10,Acceso,Media,Junior,18.47,1
608,Domingo,10,Redes,Alta,Semi-Senior,0.5,0
609,Jueves,17,Redes,Media,Semi-Senior,4.68,0
610,Sábado,14,Software,Alta,Junior,11.35,0
611,Miércoles,11,Redes,Alta,Semi-Senior,4.91,0
612,Martes,8,Redes,Alta,Semi-Senior,10.57,0
613,Jueves,9,Software,Media,Senior,6.05,0
614,Miércoles,11,Acceso,Media,Junior,16.94,1
615,Sábado,16,Acceso,Baja,Senior,13.18,0
616,Miércoles,5,Software,Baja,Junior,15.03,1
617,Jueves,6,Hardware,Media,Junior,9.43,0
618,Lunes,13,Software,Baja,Junior,13.97,1
619,Martes,12,Hardware,Alta,Senior,0.5,0
620,Martes,7,Redes,Baja,Junior,27.21,0
621,Lunes,9,Acceso,Alta,Semi-Senior,0.81,0
622,Domingo,8,Hardware,Baja,Semi-Senior,11.04,0
623,Jueves,17,Hardware,Baja,Senior,14.32,0
624,Martes,1,Redes,Alta,Senior,27.63,0
625,Jueves,4,Acceso,Baja,Semi-Senior,21.26,0
626,Sábado,4,Redes,Baja,Senior,,0
627,Jueves,5,Acceso,Baja,Semi-Senior,7.97,0
628,Miércoles,18,Acceso,Media,Senior,17.06,0
629,Lunes,7,Redes,Baja,Junior,30.2,1
630,Domingo,15,Hardware,Media,Junior,11.19,0
631,Jueves,12,Software,Media,Semi-Senior,12.45,0
632,Domingo,0,Acceso,Media,Semi-Senior,5.29,0
633,Domingo,21,Acceso,Media,Semi-Senior,,0
634,Sábado,19,Software,Media,Semi-Senior,2.31,0
635,Viernes,16,Software,Baja,Junior,17.21,1
636,Lunes,6,Redes,Alta,Semi-Senior,2.6,0
637,Domingo,12,Acceso,Baja,Junior,16.82,1
638,Martes,3,Redes,Media,Senior,11.96,0
639,Miércoles,3,Software,Baja,Senior,9.4,0
640,Martes,5,Redes,Alta,Senior,22.8,0
641,Sábado,18,Acceso,Baja,Junior,35.36,1
642,Sábado,11,Hardware,Baja,Semi-Senior,25.21,1
643,Martes,21,Hardware,Media,Senior,,1
644,Lunes,6,Acceso,Media,Senior,25.89,1
645,Martes,9,Redes,Baja,Semi-Senior,,1
646,Jueves,18,Software,Media,Semi-Senior,0.94,0
647,Martes,6,Software,Media,Semi-Senior,1.38,0
648,Miércoles,2,Hardware,Alta,Semi-Senior,6.5,0
649,Miércoles,12,Redes,Media,Junior,,0
650,Viernes,12,Software,Baja,Semi-Senior,25.58,1
651,Miércoles,17,Software,Baja,Senior,6.44,0
652,Martes,19,Acceso,Alta,Semi-Senior,2.74,0
653,Miércoles,7,Redes,Alta,Semi-Senior,0.5,0
654,Lunes,8,Redes,Baja,Semi-Senior,11.01,1
655,Domingo,6,Software,Baja,Senior,17.15,0
656,Miércoles,0,Redes,Media,Semi-Senior,8.32,0
657,Jueves,2,Redes,Baja,Semi-Senior,18.53,0
658,Lunes,12,Redes,Baja,Semi-Senior,11.15,1
659,Viernes,16,Acceso,Baja,Semi-Senior,11.03,0
660,Jueves,23,Software,Baja,Semi-Senior,10.47,1
661,Martes,0,Hardware,Baja,Semi-Senior,9.33,1
662,Domingo,5,Redes,Media,Semi-Senior,2.67,1
663,Martes,20,Software,Baja,Semi-Senior,9.62,1
664,Domingo,5,Hardware,Baja,Junior,11.85,1
665,Domingo,11,Acceso,Baja,Junior,21.15,1
666,Martes,12,Software,Baja,Junior,27.0,1
667,Jueves,12,Acceso,Baja,Senior,5.33,0
668,Jueves,14,Software,Baja,Junior,17.81,1
669,Domingo,20,Acceso,Media,Junior,14.89,1
670,Jueves,15,Software,Baja,Junior,18.85,1
671,Domingo,21,Acceso,Baja,Semi-Senior,6.73,0
672,Domingo,20,Hardware,Baja,Junior,21.07,1
673,Lunes,10,Software,Media,Semi-Senior,14.78,0
674,Sábado,4,Hardware,Alta,Junior,10.38,0
675,Lunes,3,Redes,Baja,Senior,7.41,0
676,Martes,2,Hardware,Alta,Senior,0.5,0
677,Sábado,18,Software,Baja,Senior,5.41,1
678,Miércoles,19,Hardware,Alta,Semi-Senior,10.31,0
679,Martes,17,Software,Baja,Semi-Senior,18.01,0
680,Viernes,14,Acceso,Media,Semi-Senior,7.45,0
681,Lunes,8,Redes,Media,Junior,11.51,1
682,Jueves,16,Hardware,Baja,Semi-Senior,8.05,0
683,Lunes,13,Redes,Alta,Junior,5.99,0
684,Jueves,14,Hardware,Media,Semi-Senior,1.04,0
685,Sábado,0,Software,Baja,Junior,14.12,1
686,Viernes,20,Hardware,Baja,Semi-Senior,14.36,0
687,Sábado,21,Redes,Baja,Semi-Senior,12.73,0
688,Viernes,21,Hardware,Alta,Semi-Senior,2.98,0
689,Lunes,2,Redes,Media,Senior,25.58,0
690,Jueves,15,Redes,Baja,Semi-Senior,13.38,0
691,Sábado,22,Software,Media,Semi-Senior,7.82,0
692,Viernes,10,Acceso,Alta,Semi-Senior,0.75,0
693,Domingo,11,Acceso,Media,Junior,9.17,0
694,Martes,9,Hardware,Media,Semi-Senior,3.23,0
695,Martes,15,Redes,Media,Senior,10.83,0
696,Sábado,7,Software,Baja,Senior,11.18,0
697,Jueves,5,Acceso,Baja,Semi-Senior,6.2,1
698,Domingo,11,Software,Alta,Junior,,0
699,Sábado,23,Software,Baja,Junior,11.78,1
700,Lunes,20,Redes,Alta,Semi-Senior,1.76,0
701,Viernes,7,Hardware,Baja,Senior,4.89,0
702,Lunes,3,Redes,Baja,Semi-Senior,11.02,1
703,Martes,7,Acceso,Alta,Senior,19.79,0
704,Viernes,17,Acceso,Media,Semi-Senior,4.69,1
705,Sábado,4,Software,Baja,Junior,25.01,1
706,Lunes,8,Redes,Media,Junior,13.27,0
707,Miércoles,3,Redes,Media,Junior,7.63,0
708,Jueves,21,Software,Media,Semi-Senior,5.18,1
709,Domingo,16,Hardware,Baja,Junior,15.31,1
710,Domingo,8,Software,Alta,Semi-Senior,0.5,0
711,Jueves,0,Software,Alta,Semi-Senior,7.75,0
712,Miércoles,20,Acceso,Baja,Junior,18.0,1
713,Martes,19,Redes,Alta,Junior,4.96,0
714,Viernes,12,Acceso,Alta,Junior,12.91,0
715,Jueves,15,Software,Media,Semi-Senior,6.28,0
716,Miércoles,12,Redes,Media,Semi-Senior,2.97,0
717,Sábado,13,Software,Baja,Junior,12.13,1
718,Domingo,2,Software,Baja,Senior,,0
719,Miércoles,5,Hardware,Media,Semi-Senior,12.51,0
720,Martes,17,Acceso,Alta,Semi-Senior,23.74,0
721,Martes,18,Acceso,Media,Semi-Senior,1.43,0
722,Lunes,4,Software,Media,Senior,3.58,0
723,Jueves,14,Hardware,Baja,Semi-Senior,9.42,0
724,Lunes,1,Software,Baja,Semi-Senior,10.16,0
725,Domingo,9,Software,Baja,Junior,21.18,0
726,Miércoles,23,Software,Baja,Semi-Senior,7.09,0
727,Viernes,17,Hardware,Media,Semi-Senior,6.24,0
728,Viernes,12,Redes,Baja,Semi-Senior,12.04,0
729,Martes,4,Hardware,Media,Senior,1.51,0
730,Viernes,22,Software,Baja,Senior,14.77,1
731,Viernes,23,Redes,Media,Junior,12.12,0
732,Domingo,0,Software,Media,Junior,5.81,0
733,Viernes,21,Hardware,Baja,Junior,12.02,1
734,Miércoles,0,Hardware,Baja,Semi-Senior,20.95,1
735,Viernes,17,Redes,Baja,Junior,,1
736,Sábado,14,Hardware,Alta,Junior,18.42,0
737,Viernes,16,Software,Baja,Junior,14.15,1
738,Viernes,10,Redes,Media,Junior,4.57,1
739,Lunes,20,Acceso,Alta,Junior,10.07,0
740,Miércoles,21,Software,Media,Junior,10.52,1
741,Martes,16,Acceso,Baja,Semi-Senior,6.57,0
742,Lunes,12,Redes,Alta,Junior,17.9,0
743,Jueves,0,Redes,Baja,Junior,24.21,1
744,Miércoles,1,Software,Baja,Senior,10.16,1
745,Sábado,8,Hardware,Alta,Senior,0.5,0
746,Miércoles,2,Software,Media,Junior,5.39,0
747,Jueves,0,Hardware,Baja,Junior,11.49,0
748,Jueves,20,Hardware,Baja,Semi-Senior,8.9,0
749,Jueves,15,Software,Baja,Junior,12.58,0
750,Domingo,22,Redes,Media,Junior,7.92,0
751,Martes,5,Software,Baja,Junior,13.68,0
752,Viernes,16,Acceso,Alta,Junior,5.22,0
753,Miércoles,4,Redes,Alta,Semi-Senior,6.26,0
754,Domingo,4,Hardware,Alta,Senior,1.83,0
755,Viernes,5,Redes,Baja,Semi-Senior,10.55,0
756,Viernes,2,Software,Media,Semi-Senior,5.1,0
757,Sábado,20,Redes,Alta,Semi-Senior,13.42,0
758,Jueves,22,Hardware,Alta,Semi-Senior,10.13,0
759,Martes,4,Hardware,Baja,Semi-Senior,16.27,0
760,Sábado,20,Redes,Baja,Junior,14.58,1
761,Lunes,4,Acceso,Baja,Semi-Senior,10.45,0
762,Domingo,9,Hardware,Media,Senior,9.56,0
763,Domingo,9,Acceso,Media,Junior,9.47,0
764,Martes,18,Hardware,Alta,Senior,13.29,0
765,Viernes,16,Redes,Baja,Semi-Senior,11.08,0
766,Domingo,20,Hardware,Baja,Semi-Senior,11.58,0
767,Martes,13,Acceso,Baja,Junior,18.02,1
768,Domingo,8,Acceso,Baja,Semi-Senior,14.12,0
769,Domingo,13,Redes,Baja,Senior,8.69,0
770,Jueves,0,Acceso,Media,Semi-Senior,8.51,0
771,Lunes,18,Acceso,Media,Junior,12.33,1
772,Jueves,12,Redes,Media,Junior,14.35,1
773,Lunes,12,Hardware,Baja,Semi-Senior,11.71,1
774,Domingo,3,Redes,Baja,Semi-Senior,9.59,1
775,Sábado,0,Hardware,Baja,Semi-Senior,6.23,0
776,Viernes,16,Hardware,Alta,Senior,18.37,0
777,Domingo,7,Hardware,Baja,Semi-Senior,16.31,0
778,Lunes,1,Software,Alta,Semi-Senior,7.09,0
779,Lunes,7,Hardware,Baja,Junior,17.04,1
780,Lunes,6,Redes,Alta,Junior,10.35,0
781,Domingo,1,Redes,Alta,Semi-Senior,13.27,0
782,Martes,21,Redes,Baja,Senior,11.21,0
783,Sábado,21,Software,Media,Semi-Senior,7.02,0
784,Martes,2,Acceso,Baja,Semi-Senior,18.22,0
785,Viernes,17,Software,Alta,Junior,4.83,0
786,Domingo,11,Redes,Baja,Senior,5.83,0
787,Lunes,0,Redes,Baja,Senior,9.47,0
788,Sábado,21,Acceso,Media,Semi-Senior,3.15,0
789,Sábado,11,Software,Alta,Junior,,0
790,Miércoles,4,Redes,Baja,Semi-Senior,14.54,0
791,Viernes,16,Hardware,Media,Senior,13.61,0
792,Sábado,15,Hardware,Baja,Semi-Senior,14.46,1
793,Domingo,14,Redes,Baja,Semi-Senior,18.63,1
794,Lunes,22,Hardware,Media,Junior,18.44,0
795,Lunes,14,Acceso,Baja,Junior,13.6,1
796,Sábado,4,Redes,Baja,Junior,14.09,0
797,Martes,20,Software,Alta,Senior,0.5,0
798,Viernes,13,Redes,Baja,Semi-Senior,10.89,0
799,Lunes,1,Acceso,Media,Semi-Senior,6.03,0
800,Sábado,10,Software,Baja,Junior,22.35,1
801,Lunes,18,Acceso,Baja,Senior,11.67,0
802,Sábado,6,Hardware,Baja,Senior,6.47,0
803,Viernes,5,Hardware,Media,Junior,25.33,1
804,Sábado,1,Hardware,Media,Senior,30.05,0
805,Miércoles,5,Acceso,Baja,Junior,10.46,1
806,Sábado,17,Acceso,Baja,Junior,19.09,1
807,Sábado,1,Redes,Alta,Junior,5.34,0
808,Domingo,17,Software,Baja,Senior,7.99,1
809,Viernes,14,Software,Alta,Senior,5.38,0
810,Domingo,18,Acceso,Baja,Junior,29.83,1
811,Sábado,1,Acceso,Media,Semi-Senior,6.08,0
812,Viernes,19,Hardware,Baja,Semi-Senior,15.23,1
813,Miércoles,5,Acceso,Alta,Senior,0.5,0
814,Viernes,0,Hardware,Media,Junior,9.83,0
815,Lunes,23,Acceso,Baja,Semi-Senior,17.52,1
816,Domingo,14,Software,Baja,Semi-Senior,15.01,0
817,Viernes,22,Redes,Media,Junior,6.57,1
818,Miércoles,9,Acceso,Media,Junior,8.71,0
819,Jueves,18,Hardware,Baja,Semi-Senior,10.93,1
820,Sábado,16,Redes,Baja,Junior,19.05,1
821,Viernes,4,Hardware,Alta,Senior,0.5,0
822,Sábado,3,Hardware,Baja,Junior,20.37,1
823,Martes,9,Redes,Media,Senior,0.5,0
824,Lunes,23,Redes,Baja,Junior,24.96,1
825,Domingo,16,Redes,Alta,Junior,10.97,0
826,Lunes,9,Acceso,Alta,Junior,12.24,0
827,Martes,16,Redes,Alta,Semi-Senior,,0
828,Martes,19,Acceso,Baja,Semi-Senior,17.23,0
829,Domingo,23,Software,Alta,Junior,7.62,0
830,Viernes,4,Software,Baja,Junior,16.03,0
831,Martes,1,Hardware,Media,Semi-Senior,2.96,0
832,Jueves,5,Hardware,Media,Semi-Senior,2.7,0
833,Sábado,20,Acceso,Baja,Semi-Senior,9.01,0
834,Sábado,1,Hardware,Alta,Junior,7.79,0
835,Miércoles,12,Software,Baja,Semi-Senior,9.16,0
836,Martes,10,Acceso,Media,Semi-Senior,6.17,1
837,Martes,10,Acceso,Media,Senior,3.38,0
838,Jueves,15,Redes,Media,Semi-Senior,15.65,0
839,Lunes,10,Acceso,Baja,Junior,15.07,1
840,Lunes,18,Hardware,Baja,Junior,,1
841,Sábado,14,Software,Alta,Semi-Senior,4.5,0
842,Sábado,22,Hardware,Baja,Semi-Senior,11.5,1
843,Viernes,22,Software,Baja,Senior,9.7,0
844,Domingo,15,Redes,Baja,Semi-Senior,15.22,1
845,Jueves,10,Software,Baja,Semi-Senior,12.8,0
846,Domingo,21,Redes,Alta,Semi-Senior,,0
847,Domingo,15,Hardware,Baja,Semi-Senior,,1
848,Miércoles,7,Redes,Media,Junior,13.17,0
849,Domingo,3,Acceso,Baja,Junior,12.47,1
850,Miércoles,7,Acceso,Baja,Semi-Senior,9.7,1
851,Domingo,3,Software,Baja,Junior,11.58,1
852,Jueves,23,Hardware,Baja,Junior,12.69,1
853,Miércoles,2,Hardware,Baja,Junior,22.63,1
854,Lunes,2,Software,Media,Junior,24.93,1
855,Miércoles,17,Acceso,Baja,Junior,14.4,1
856,Miércoles,18,Redes,Baja,Semi-Senior,9.0,0
857,Jueves,18,Software,Baja,Semi-Senior,17.68,0
858,Jueves,20,Redes,Baja,Semi-Senior,13.34,1
859,Miércoles,4,Redes,Alta,Semi-Senior,,0
860,Martes,17,Hardware,Media,Senior,2.06,0
861,Jueves,9,Acceso,Baja,Junior,15.73,1
862,Viernes,21,Redes,Baja,Semi-Senior,8.5,1
863,Viernes,20,Acceso,Alta,Junior,,0
864,Lunes,5,Hardware,Baja,Semi-Senior,10.49,1
865,Domingo,0,Software,Alta,Senior,6.33,0
866,Miércoles,4,Software,Baja,Semi-Senior,12.96,1
867,Martes,8,Hardware,Alta,Semi-Senior,25.4,0
868,Lunes,11,Hardware,Alta,Semi-Senior,0.5,0
869,Miércoles,13,Redes,Media,Semi-Senior,25.07,0
870,Jueves,1,Hardware,Baja,Junior,19.81,1
871,Viernes,16,Software,Baja,Semi-Senior,9.89,1
872,Sábado,13,Acceso,Baja,Semi-Senior,9.45,0
873,Martes,12,Acceso,Baja,Junior,27.32,1
874,Sábado,8,Acceso,Baja,Junior,22.7,1
875,Viernes,14,Acceso,Baja,Senior,17.38,0
876,Domingo,21,Hardware,Media,Junior,11.35,1
877,Domingo,14,Hardware,Media,Junior,16.54,1
878,Sábado,23,Acceso,Baja,Semi-Senior,14.58,0
879,Jueves,10,Hardware,Baja,Junior,18.78,1
880,Miércoles,15,Redes,Alta,Semi-Senior,0.5,0
881,Jueves,16,Hardware,Baja,Semi-Senior,8.25,1
882,Sábado,3,Redes,Media,Semi-Senior,2.81,0
883,Jueves,0,Redes,Baja,Junior,12.6,0
884,Viernes,7,Hardware,Baja,Semi-Senior,6.62,0
885,Martes,16,Acceso,Baja,Senior,6.9,0
886,Jueves,2,Redes,Baja,Junior,17.54,1
887,Viernes,19,Hardware,Alta,Junior,17.76,0
888,Martes,14,Software,Media,Senior,2.99,0
889,Domingo,14,Acceso,Baja,Junior,15.98,0
890,Miércoles,23,Software,Alta,Junior,9.29,0
891,Sábado,21,Redes,Baja,Junior,11.87,1
892,Domingo,13,Software,Alta,Junior,3.24,0
893,Miércoles,22,Hardware,Alta,Junior,13.08,0
894,Domingo,13,Acceso,Baja,Semi-Senior,13.89,1
895,Lunes,23,Redes,Baja,Semi-Senior,7.67,1
896,Domingo,1,Hardware,Baja,Junior,28.33,1
897,Viernes,12,Acceso,Media,Senior,4.83,0
898,Martes,13,Redes,Media,Semi-Senior,3.5,0
899,Domingo,23,Redes,Alta,Senior,0.5,0
900,Jueves,18,Redes,Media,Senior,4.11,0
901,Miércoles,6,Redes,Baja,Semi-Senior,29.47,0
902,Domingo,2,Software,Baja,Senior,13.73,0
903,Martes,14,Software,Media,Semi-Senior,22.75,1
904,Viernes,22,Software,Baja,Senior,16.4,1
905,Lunes,13,Redes,Media,Junior,14.19,1
906,Miércoles,10,Software,Baja,Junior,10.56,1
907,Sábado,14,Acceso,Baja,Semi-Senior,11.59,0
908,Martes,12,Redes,Baja,Semi-Senior,7.64,0
909,Sábado,17,Acceso,Media,Senior,1.08,0
910,Martes,5,Acceso,Baja,Senior,11.76,0
911,Martes,2,Software,Media,Junior,9.03,1
912,Viernes,18,Redes,Baja,Senior,15.17,1
913,Viernes,14,Software,Media,Junior,8.12,1
914,Viernes,22,Software,Media,Junior,7.73,0
915,Domingo,4,Software,Baja,Semi-Senior,,1
916,Jueves,9,Redes,Media,Junior,11.2,0
917,Martes,6,Redes,Baja,Semi-Senior,10.69,0
918,Miércoles,16,Software,Baja,Semi-Senior,18.07,1
919,Sábado,6,Acceso,Baja,Junior,19.29,1
920,Viernes,21,Acceso,Media,Semi-Senior,24.48,0
921,Domingo,11,Redes,Alta,Semi-Senior,7.37,0
922,Viernes,16,Hardware,Media,Junior,19.07,0
923,Sábado,12,Software,Media,Junior,21.72,1
924,Sábado,19,Software,Media,Senior,0.93,0
925,Martes,3,Hardware,Baja,Senior,24.32,1
926,Viernes,9,Redes,Alta,Junior,8.09,0
927,Sábado,2,Acceso,Baja,Junior,21.14,1
928,Jueves,8,Redes,Alta,Senior,12.46,0
929,Jueves,12,Acceso,Media,Semi-Senior,14.28,0
930,Viernes,17,Acceso,Media,Junior,9.25,0
931,Domingo,14,Redes,Media,Semi-Senior,9.23,0
932,Sábado,3,Software,Baja,Semi-Senior,9.56,1
933,Martes,14,Software,Media,Semi-Senior,2.92,0
934,Martes,21,Software,Baja,Junior,17.84,1
935,Domingo,1,Acceso,Media,Semi-Senior,,0
936,Martes,14,Software,Media,Junior,7.66,0
937,Lunes,7,Acceso,Alta,Senior,16.48,0
938,Viernes,7,Software,Media,Semi-Senior,8.84,0
939,Martes,16,Redes,Baja,Semi-Senior,12.12,0
940,Jueves,11,Hardware,Baja,Semi-Senior,8.25,0
941,Sábado,18,Acceso,Media,Semi-Senior,4.51,1
942,Miércoles,9,Redes,Baja,Senior,9.05,0
943,Domingo,8,Acceso,Baja,Junior,16.05,1
944,Miércoles,4,Acceso,Alta,Senior,3.33,0
945,Martes,5,Redes,Media,Junior,17.17,0
946,Miércoles,19,Software,Media,Junior,8.77,0
947,Miércoles,1,Acceso,Baja,Semi-Senior,9.58,0
948,Lunes,23,Hardware,Media,Semi-Senior,1.58,0
949,Jueves,12,Hardware,Baja,Senior,21.73,1
950,Domingo,5,Redes,Media,Semi-Senior,9.95,0
951,Jueves,4,Hardware,Baja,Semi-Senior,6.06,0
952,Lunes,0,Redes,Alta,Senior,3.91,0
953,Lunes,20,Redes,Baja,Junior,29.2,1
954,Miércoles,21,Acceso,Baja,Senior,10.08,1
955,Viernes,20,Redes,Media,Semi-Senior,9.37,0
956,Sábado,5,Redes,Media,Junior,6.64,0
957,Sábado,5,Software,Baja,Junior,11.31,0
958,Miércoles,22,Acceso,Media,Semi-Senior,9.1,0
959,Sábado,15,Hardware,Baja,Junior,17.52,1
960,Lunes,3,Software,Alta,Junior,17.96,0
961,Jueves,10,Software,Alta,Junior,8.81,0
962,Sábado,23,Acceso,Baja,Junior,17.46,1
963,Domingo,22,Acceso,Alta,Semi-Senior,4.77,0
964,Miércoles,8,Software,Baja,Senior,21.14,1
965,Viernes,22,Acceso,Baja,Junior,25.52,1
966,Miércoles,2,Acceso,Alta,Semi-Senior,4.48,0
967,Martes,18,Redes,Media,Junior,12.05,0
968,Miércoles,7,Acceso,Baja,Semi-Senior,9.84,0
969,Lunes,4,Redes,Baja,Senior,9.21,0
970,Jueves,3,Software,Baja,Semi-Senior,8.57,0
971,Jueves,23,Software,Alta,Senior,7.99,0
972,Domingo,5,Hardware,Baja,Semi-Senior,11.6,0
973,Sábado,1,Acceso,Baja,Semi-Senior,23.72,1
974,Lunes,19,Software,Baja,Semi-Senior,11.5,0
975,Martes,10,Redes,Baja,Senior,6.49,0
976,Lunes,3,Software,Baja,Senior,9.49,0
977,Miércoles,14,Acceso,Baja,Semi-Senior,9.86,0
978,Lunes,5,Hardware,Baja,Senior,23.42,0
979,Lunes,21,Hardware,Baja,Junior,21.53,0
980,Domingo,16,Software,Alta,Senior,13.05,0
981,Martes,23,Hardware,Baja,Junior,18.54,1
982,Miércoles,5,Acceso,Media,Junior,29.38,1
983,Viernes,18,Acceso,Media,Junior,9.3,0
984,Domingo,1,Hardware,Alta,Senior,0.5,0
985,Viernes,14,Redes,Alta,Senior,1.02,0
986,Domingo,10,Hardware,Baja,Senior,17.29,1
987,Jueves,7,Hardware,Baja,Senior,11.6,0
988,Domingo,18,Software,Baja,Semi-Senior,12.05,0
989,Sábado,12,Redes,Baja,Senior,8.52,0
990,Lunes,11,Hardware,Media,Senior,0.8,0
991,Jueves,4,Software,Media,Semi-Senior,12.04,0
992,Martes,5,Software,Alta,Junior,5.39,0
993,Viernes,21,Software,Baja,Semi-Senior,6.47,1
994,Domingo,3,Acceso,Alta,Senior,3.71,0
995,Lunes,18,Software,Baja,Senior,12.83,1
996,Martes,19,Software,Baja,Senior,17.57,1
997,Sábado,0,Acceso,Baja,Senior,8.64,0
998,Martes,19,Acceso,Media,Senior,8.42,0
999,Lunes,16,Software,Baja,Semi-Senior,16.73,0
1000,Sábado,11,Hardware,Alta,Semi-Senior,24.13,0
1001,Martes,14,Redes,Alta,Junior,7.18,0
1002,Sábado,0,Acceso,Alta,Semi-Senior,4.42,0
1003,Domingo,13,Redes,Baja,Semi-Senior,13.55,0
1004,Domingo,5,Acceso,Alta,Senior,13.41,0
1005,Lunes,4,Software,Media,Semi-Senior,17.56,1
1006,Lunes,10,Acceso,Baja,Junior,,1
1007,Sábado,3,Software,Baja,Junior,,0
1008,Miércoles,12,Redes,Baja,Semi-Senior,9.47,0
1009,Jueves,10,Hardware,Baja,Semi-Senior,24.97,1
1010,Martes,2,Software,Media,Junior,16.27,0
1011,Martes,0,Redes,Alta,Junior,19.22,0
1012,Miércoles,5,Redes,Baja,Semi-Senior,14.95,1
1013,Miércoles,17,Acceso,Media,Junior,7.08,1
1014,Miércoles,23,Software,Alta,Junior,12.55,0
1015,Viernes,9,Redes,Baja,Junior,11.92,0
1016,Viernes,4,Hardware,Alta,Semi-Senior,0.5,0
1017,Sábado,22,Acceso,Media,Semi-Senior,10.52,0
1018,Viernes,9,Acceso,Media,Junior,7.59,0
1019,Domingo,11,Redes,Baja,Senior,11.34,0
1020,Domingo,1,Software,Media,Junior,15.18,0
1021,Lunes,12,Acceso,Baja,Junior,21.59,1
1022,Sábado,7,Software,Media,Junior,8.07,0
1023,Martes,1,Redes,Baja,Junior,28.07,1
1024,Jueves,19,Redes,Alta,Junior,5.57,0
1025,Lunes,0,Software,Baja,Junior,,1
1026,Martes,4,Hardware,Baja,Semi-Senior,23.44,1
1027,Martes,8,Acceso,Media,Semi-Senior,3.08,0
1028,Sábado,16,Redes,Baja,Semi-Senior,8.07,0
1029,Miércoles,8,Hardware,Media,Semi-Senior,8.46,0
1030,Miércoles,10,Hardware,Alta,Junior,12.6,0
1031,Lunes,14,Software,Media,Senior,10.45,0
1032,Miércoles,23,Software,Baja,Junior,11.04,0
1033,Martes,5,Software,Media,Semi-Senior,6.12,0
1034,Miércoles,22,Hardware,Media,Junior,8.8,0
1035,Viernes,2,Acceso,Alta,Senior,0.5,0
1036,Miércoles,16,Software,Baja,Semi-Senior,8.08,1
1037,Martes,4,Acceso,Baja,Junior,12.2,1
1038,Sábado,11,Software,Media,Semi-Senior,15.58,0
1039,Lunes,17,Hardware,Baja,Junior,14.79,1
1040,Jueves,13,Acceso,Baja,Semi-Senior,10.88,1
1041,Miércoles,20,Acceso,Baja,Semi-Senior,10.71,0
1042,Domingo,23,Hardware,Alta,Junior,8.13,0
1043,Domingo,10,Acceso,Alta,Junior,8.94,0
1044,Martes,8,Hardware,Media,Junior,8.65,0
1045,Jueves,1,Hardware,Baja,Semi-Senior,13.34,0
1046,Jueves,11,Redes,Baja,Junior,20.02,0
1047,Viernes,2,Software,Alta,Semi-Senior,11.48,0
1048,Jueves,2,Redes,Alta,Senior,0.77,0
1049,Domingo,0,Hardware,Alta,Junior,3.64,0
1050,Sábado,7,Hardware,Media,Senior,13.85,0
1051,Martes,21,Acceso,Baja,Semi-Senior,7.0,0
1052,Martes,7,Hardware,Alta,Junior,8.18,0
1053,Miércoles,10,Hardware,Baja,Semi-Senior,10.81,1
1054,Miércoles,8,Hardware,Baja,Semi-Senior,10.99,0
1055,Miércoles,4,Software,Media,Semi-Senior,5.74,0
1056,Domingo,13,Redes,Baja,Junior,19.01,1
1057,Domingo,2,Redes,Baja,Junior,18.61,0
1058,Domingo,20,Software,Baja,Semi-Senior,16.69,1
1059,Domingo,4,Software,Baja,Semi-Senior,10.44,0
1060,Domingo,4,Software,Alta,Semi-Senior,8.82,0
1061,Domingo,18,Redes,Baja,Junior,18.54,1
1062,Sábado,13,Redes,Baja,Senior,10.45,0
1063,Domingo,3,Hardware,Baja,Senior,14.5,1
1064,Jueves,12,Redes,Baja,Junior,27.44,1
1065,Jueves,9,Acceso,Baja,Junior,17.72,1
1066,Viernes,17,Redes,Media,Senior,0.5,0
1067,Sábado,7,Software,Baja,Senior,8.51,0
1068,Miércoles,7,Redes,Media,Semi-Senior,5.14,0
1069,Lunes,6,Hardware,Alta,Senior,13.55,0
1070,Domingo,7,Redes,Media,Semi-Senior,4.45,0
1071,Viernes,13,Software,Baja,Junior,11.15,1
1072,Lunes,18,Acceso,Baja,Semi-Senior,13.63,1
1073,Jueves,5,Software,Alta,Semi-Senior,0.5,0
1074,Viernes,0,Acceso,Media,Senior,0.5,0
1075,Viernes,22,Hardware,Alta,Junior,,1
1076,Martes,14,Hardware,Alta,Semi-Senior,0.5,0
1077,Jueves,0,Redes,Alta,Semi-Senior,9.87,0
1078,Jueves,16,Hardware,Alta,Junior,21.42,0
1079,Sábado,0,Hardware,Media,Junior,5.99,0
1080,Viernes,14,Software,Baja,Senior,18.01,1
1081,Domingo,22,Software,Alta,Semi-Senior,7.16,0
1082,Jueves,1,Redes,Media,Semi-Senior,8.35,0
1083,Viernes,13,Redes,Baja,Senior,5.34,0
1084,Sábado,20,Redes,Media,Junior,,1
1085,Domingo,7,Redes,Media,Senior,,0
1086,Sábado,7,Software,Alta,Semi-Senior,8.71,0
1087,Martes,18,Redes,Media,Semi-Senior,5.61,0
1088,Domingo,6,Redes,Baja,Semi-Senior,15.86,0
1089,Viernes,18,Hardware,Alta,Senior,8.19,0
1090,Jueves,5,Redes,Alta,Junior,2.97,0
1091,Jueves,5,Acceso,Media,Junior,13.82,0
1092,Viernes,2,Hardware,Baja,Junior,13.69,1
1093,Viernes,6,Software,Baja,Junior,16.56,0
1094,Viernes,18,Acceso,Media,Semi-Senior,11.38,0
1095,Miércoles,7,Redes,Baja,Senior,6.3,1
1096,Domingo,9,Hardware,Baja,Senior,10.75,0
1097,Jueves,19,Redes,Media,Junior,12.7,1
1098,Domingo,14,Hardware,Baja,Semi-Senior,9.72,1
1099,Sábado,14,Redes,Baja,Semi-Senior,11.45,1
1100,Jueves,0,Acceso,Baja,Junior,13.66,0
1101,Miércoles,19,Software,Baja,Senior,15.91,0
1102,Viernes,6,Acceso,Media,Senior,1.86,0
1103,Martes,3,Acceso,Baja,Senior,19.82,0
1104,Viernes,5,Software,Baja,Junior,19.57,1
1105,Viernes,0,Hardware,Media,Semi-Senior,12.1,0
1106,Miércoles,4,Hardware,Alta,Junior,7.19,0
1107,Domingo,22,Software,Media,Junior,6.78,1
1108,Jueves,0,Redes,Baja,Semi-Senior,10.5,1
1109,Viernes,3,Hardware,Baja,Senior,4.75,0
1110,Jueves,21,Acceso,Alta,Senior,3.89,0
1111,Lunes,1,Software,Baja,Senior,6.86,0
1112,Sábado,9,Acceso,Media,Senior,0.5,0
1113,Domingo,4,Hardware,Baja,Junior,15.08,0
1114,Jueves,9,Software,Baja,Semi-Senior,13.31,0
1115,Martes,0,Software,Alta,Junior,18.88,1
1116,Sábado,21,Hardware,Media,Junior,10.36,0
1117,Martes,5,Hardware,Media,Semi-Senior,3.63,0
1118,Viernes,12,Software,Baja,Semi-Senior,16.57,1
1119,Sábado,14,Redes,Baja,Semi-Senior,13.61,1
1120,Jueves,3,Software,Media,Junior,10.37,0
1121,Sábado,12,Redes,Media,Junior,17.74,1
1122,Viernes,23,Acceso,Baja,Junior,19.78,1
1123,Miércoles,19,Redes,Baja,Junior,12.26,1
1124,Domingo,23,Redes,Baja,Junior,19.4,1
1125,Martes,14,Hardware,Alta,Semi-Senior,4.82,0
1126,Viernes,7,Software,Media,Senior,3.24,0
1127,Miércoles,4,Acceso,Alta,Semi-Senior,0.66,0
1128,Sábado,14,Software,Baja,Semi-Senior,9.66,0
1129,Sábado,3,Redes,Alta,Junior,5.96,0
1130,Viernes,11,Redes,Baja,Senior,4.71,0
1131,Jueves,12,Redes,Media,Junior,17.03,0
1132,Sábado,1,Software,Alta,Senior,,0
1133,Jueves,18,Redes,Baja,Senior,,1
1134,Jueves,18,Software,Baja,Senior,21.4,1
1135,Domingo,3,Acceso,Baja,Junior,14.19,0
1136,Jueves,3,Acceso,Baja,Semi-Senior,9.25,0
1137,Lunes,10,Software,Media,Junior,10.85,1
1138,Domingo,4,Acceso,Media,Junior,10.0,0
1139,Miércoles,19,Hardware,Media,Junior,12.51,0
1140,Miércoles,10,Redes,Media,Senior,9.32,0
1141,Sábado,9,Redes,Media,Senior,2.12,0
1142,Sábado,7,Redes,Baja,Junior,11.37,0
1143,Jueves,5,Hardware,Baja,Semi-Senior,12.28,0
1144,Domingo,5,Redes,Alta,Senior,8.08,0
1145,Domingo,7,Software,Baja,Semi-Senior,14.04,0
1146,Lunes,22,Redes,Media,Junior,9.0,1
1147,Jueves,14,Software,Baja,Semi-Senior,8.77,1
1148,Lunes,13,Acceso,Media,Semi-Senior,13.13,0
1149,Jueves,10,Software,Media,Semi-Senior,,1
1150,Martes,11,Software,Baja,Semi-Senior,12.4,0
1151,Martes,12,Software,Baja,Semi-Senior,,1
1152,Viernes,7,Redes,Media,Junior,,0
1153,Jueves,17,Hardware,Baja,Junior,11.72,1
1154,Domingo,0,Hardware,Baja,Junior,23.3,1
1155,Sábado,14,Software,Media,Semi-Senior,7.36,0
1156,Miércoles,7,Redes,Baja,Junior,18.38,0
1157,Viernes,10,Hardware,Alta,Senior,0.86,0
1158,Sábado,11,Acceso,Media,Semi-Senior,,0
1159,Martes,11,Acceso,Baja,Semi-Senior,16.4,1
1160,Jueves,3,Redes,Media,Senior,9.14,0
1161,Viernes,15,Acceso,Media,Senior,3.01,1
1162,Jueves,3,Acceso,Baja,Senior,8.65,0
1163,Martes,4,Acceso,Baja,Semi-Senior,10.84,0
1164,Viernes,23,Hardware,Baja,Junior,11.66,1
1165,Martes,4,Acceso,Baja,Senior,12.59,0
1166,Lunes,7,Software,Baja,Senior,9.27,1
1167,Martes,9,Software,Baja,Senior,17.99,0
1168,Domingo,16,Acceso,Baja,Semi-Senior,14.39,1
1169,Domingo,8,Software,Media,Semi-Senior,7.53,0
1170,Jueves,21,Hardware,Media,Junior,15.58,1
1171,Miércoles,18,Redes,Media,Semi-Senior,8.19,0
1172,Martes,13,Software,Media,Junior,6.19,0
1173,Sábado,7,Acceso,Alta,Junior,9.33,0
1174,Domingo,8,Redes,Media,Semi-Senior,0.5,0
1175,Miércoles,21,Redes,Media,Semi-Senior,1.8,0
1176,Lunes,10,Acceso,Baja,Junior,17.56,1
1177,Viernes,22,Software,Alta,Senior,0.5,0
1178,Viernes,0,Hardware,Baja,Senior,20.63,0
1179,Domingo,13,Software,Baja,Semi-Senior,,1
1180,Miércoles,4,Software,Media,Semi-Senior,5.05,0
1181,Domingo,20,Hardware,Baja,Senior,7.68,0
1182,Viernes,13,Redes,Baja,Junior,14.24,1
1183,Martes,3,Hardware,Media,Semi-Senior,,0
1184,Miércoles,21,Hardware,Media,Junior,19.37,1
1185,Jueves,22,Acceso,Media,Junior,11.05,0
1186,Martes,0,Acceso,Alta,Semi-Senior,4.56,0
1187,Martes,21,Software,Baja,Semi-Senior,14.29,1
1188,Martes,22,Acceso,Baja,Junior,32.38,1
1189,Jueves,18,Hardware,Media,Junior,14.92,0
1190,Lunes,7,Hardware,Baja,Semi-Senior,,1
1191,Sábado,14,Acceso,Media,Semi-Senior,1.47,0
1192,Domingo,20,Acceso,Baja,Semi-Senior,20.0,1
1193,Viernes,14,Acceso,Baja,Junior,21.73,0
1194,Domingo,8,Hardware,Media,Semi-Senior,4.81,0
1195,Miércoles,20,Redes,Media,Junior,,0
1196,Lunes,8,Redes,Media,Junior,,0
1197,Miércoles,9,Acceso,Baja,Semi-Senior,10.11,0
1198,Domingo,19,Software,Baja,Semi-Senior,9.77,1
1199,Viernes,20,Software,Baja,Junior,18.58,1
1200,Jueves,8,Redes,Baja,Junior,18.57,1
1201,Domingo,2,Acceso,Baja,Semi-Senior,10.79,1
1202,Martes,19,Hardware,Baja,Junior,,0
1203,Domingo,10,Software,Media,Junior,6.76,1
1204,Martes,5,Software,Baja,Semi-Senior,9.47,1
1205,Jueves,1,Hardware,Media,Junior,12.2,0
1206,Domingo,6,Hardware,Alta,Junior,13.77,0
1207,Lunes,17,Acceso,Baja,Senior,29.13,0
1208,Lunes,1,Hardware,Baja,Semi-Senior,,1
1209,Miércoles,16,Hardware,Baja,Semi-Senior,15.51,1
1210,Jueves,10,Hardware,Media,Semi-Senior,27.89,1
1211,Lunes,11,Redes,Baja,Semi-Senior,11.74,0
1212,Domingo,18,Hardware,Baja,Senior,11.44,0
1213,Jueves,21,Software,Media,Semi-Senior,9.27,0
1214,Viernes,23,Acceso,Baja,Junior,11.72,1
1215,Martes,6,Acceso,Media,Semi-Senior,7.85,0
1216,Domingo,19,Acceso,Media,Semi-Senior,7.57,0
1217,Martes,5,Redes,Media,Semi-Senior,3.59,0
1218,Martes,20,Software,Baja,Semi-Senior,18.13,1
1219,Jueves,23,Hardware,Alta,Senior,0.5,0
1220,Jueves,0,Software,Media,Semi-Senior,11.1,0
1221,Miércoles,16,Acceso,Baja,Junior,22.18,1
1222,Martes,10,Hardware,Baja,Junior,12.24,1
1223,Miércoles,21,Acceso,Baja,Semi-Senior,20.64,1
1224,Martes,17,Acceso,Alta,Junior,3.53,0
1225,Miércoles,20,Acceso,Alta,Junior,6.09,0
1226,Miércoles,16,Software,Media,Junior,12.38,1
1227,Viernes,6,Software,Alta,Junior,4.01,0
1228,Miércoles,16,Acceso,Baja,Senior,4.75,0
1229,Jueves,19,Acceso,Baja,Junior,23.87,1
1230,Miércoles,8,Hardware,Alta,Junior,8.01,1
1231,Martes,16,Acceso,Media,Junior,13.47,0
1232,Miércoles,19,Acceso,Baja,Semi-Senior,10.48,0
1233,Lunes,21,Acceso,Media,Junior,11.64,1
1234,Sábado,21,Acceso,Alta,Semi-Senior,10.57,0
1235,Martes,7,Software,Media,Junior,11.36,1
1236,Lunes,16,Acceso,Alta,Semi-Senior,11.84,0
1237,Martes,6,Redes,Media,Senior,11.68,0
1238,Jueves,0,Acceso,Baja,Junior,24.05,1
1239,Sábado,12,Software,Alta,Semi-Senior,9.52,0
1240,Sábado,22,Redes,Baja,Semi-Senior,13.27,1
1241,Jueves,18,Redes,Alta,Semi-Senior,6.35,0
1242,Sábado,23,Acceso,Baja,Semi-Senior,6.65,0
1243,Jueves,18,Acceso,Media,Semi-Senior,2.67,0
1244,Lunes,16,Software,Baja,Semi-Senior,19.63,1
1245,Viernes,12,Redes,Baja,Semi-Senior,12.85,1
1246,Martes,15,Redes,Baja,Junior,13.6,1
1247,Jueves,7,Software,Alta,Junior,4.08,1
1248,Martes,18,Acceso,Alta,Semi-Senior,11.42,1
1249,Lunes,17,Hardware,Baja,Senior,18.7,1
1250,Viernes,0,Hardware,Alta,Senior,5.47,0
1251,Lunes,13,Redes,Alta,Senior,17.13,0
1252,Sábado,18,Redes,Media,Semi-Senior,15.64,1
1253,Martes,14,Acceso,Baja,Semi-Senior,15.19,0
1254,Domingo,17,Hardware,Alta,Semi-Senior,0.5,0
1255,Viernes,1,Redes,Media,Semi-Senior,10.32,0
1256,Sábado,21,Acceso,Alta,Semi-Senior,6.03,0
1257,Viernes,16,Hardware,Alta,Junior,,0
1258,Sábado,17,Software,Alta,Junior,3.36,0
1259,Lunes,5,Redes,Media,Semi-Senior,2.06,1
1260,Jueves,18,Software,Baja,Semi-Senior,30.41,1
1261,Martes,3,Hardware,Baja,Junior,10.99,0
1262,Miércoles,0,Acceso,Baja,Junior,25.08,1
1263,Miércoles,7,Acceso,Baja,Senior,7.9,0
1264,Lunes,22,Hardware,Media,Semi-Senior,2.61,1
1265,Martes,6,Software,Media,Semi-Senior,3.56,0
1266,Martes,2,Acceso,Alta,Semi-Senior,13.85,0
1267,Lunes,9,Redes,Baja,Semi-Senior,13.34,1
1268,Martes,9,Software,Media,Junior,,1
1269,Jueves,18,Software,Baja,Semi-Senior,15.45,1
1270,Lunes,13,Redes,Baja,Semi-Senior,14.01,1
1271,Jueves,1,Hardware,Baja,Junior,15.25,1
1272,Martes,0,Acceso,Media,Junior,,0
1273,Lunes,22,Software,Baja,Junior,21.67,1
1274,Martes,22,Acceso,Media,Semi-Senior,1.63,0
1275,Lunes,17,Acceso,Baja,Junior,12.0,1
1276,Martes,6,Software,Alta,Semi-Senior,4.87,0
1277,Jueves,7,Hardware,Alta,Semi-Senior,8.0,0
1278,Domingo,0,Software,Alta,Senior,0.5,0
1279,Jueves,22,Hardware,Alta,Semi-Senior,0.5,0
1280,Martes,2,Redes,Alta,Junior,18.56,0
1281,Lunes,23,Hardware,Alta,Semi-Senior,1.87,0
1282,Miércoles,22,Hardware,Media,Semi-Senior,3.26,0
1283,Jueves,7,Software,Baja,Junior,15.3,1
1284,Jueves,21,Acceso,Baja,Semi-Senior,14.97,1
1285,Sábado,14,Acceso,Baja,Senior,13.96,0
1286,Miércoles,4,Hardware,Media,Junior,24.11,1
1287,Martes,2,Hardware,Media,Semi-Senior,4.94,1
1288,Domingo,18,Software,Alta,Senior,1.41,0
1289,Lunes,0,Hardware,Alta,Semi-Senior,0.5,0
1290,Sábado,14,Software,Baja,Semi-Senior,16.1,1
1291,Martes,7,Redes,Media,Junior,7.26,0
1292,Viernes,1,Hardware,Alta,Junior,7.13,0
1293,Domingo,2,Redes,Baja,Semi-Senior,26.5,1
1294,Jueves,23,Hardware,Media,Semi-Senior,3.75,0
1295,Viernes,13,Hardware,Baja,Senior,15.19,1
1296,Jueves,23,Redes,Media,Junior,7.49,0
1297,Jueves,13,Redes,Baja,Semi-Senior,19.98,1
1298,Viernes,10,Software,Alta,Junior,14.58,0
1299,Domingo,15,Software,Media,Junior,6.79,0
1300,Viernes,3,Redes,Baja,Semi-Senior,9.14,1
1301,Martes,19,Hardware,Baja,Junior,28.99,1
1302,Sábado,4,Software,Baja,Junior,15.12,0
1303,Sábado,21,Hardware,Alta,Junior,8.35,0
1304,Viernes,20,Acceso,Media,Junior,9.63,1
1305,Martes,13,Software,Baja,Senior,4.93,0
1306,Sábado,22,Software,Baja,Semi-Senior,21.51,1
1307,Martes,15,Software,Media,Junior,5.59,0
1308,Martes,17,Acceso,Media,Senior,4.38,0
1309,Jueves,6,Redes,Media,Semi-Senior,7.15,0
1310,Sábado,9,Hardware,Baja,Senior,11.6,0
1311,Sábado,6,Acceso,Media,Junior,12.02,0
1312,Jueves,0,Redes,Media,Semi-Senior,10.05,1
1313,Viernes,22,Software,Alta,Senior,11.43,0
1314,Jueves,20,Redes,Alta,Junior,3.22,1
1315,Sábado,18,Redes,Media,Senior,4.45,0
1316,Sábado,15,Redes,Media,Senior,4.04,0
1317,Domingo,18,Hardware,Baja,Senior,12.11,0
1318,Viernes,3,Redes,Alta,Junior,3.27,1
1319,Jueves,17,Redes,Baja,Junior,21.31,1
1320,Lunes,1,Redes,Baja,Junior,12.73,1
1321,Lunes,0,Redes,Baja,Senior,18.0,1
1322,Viernes,14,Acceso,Alta,Junior,9.11,0
1323,Jueves,4,Acceso,Baja,Semi-Senior,14.25,1
1324,Jueves,19,Redes,Baja,Semi-Senior,10.75,1
1325,Martes,10,Redes,Baja,Junior,22.66,1
1326,Sábado,9,Redes,Baja,Junior,30.4,1
1327,Miércoles,1,Software,Baja,Semi-Senior,16.63,0
1328,Domingo,2,Redes,Alta,Senior,0.5,0
1329,Viernes,22,Redes,Alta,Junior,15.9,0
1330,Miércoles,22,Acceso,Baja,Senior,,1
1331,Miércoles,11,Acceso,Alta,Semi-Senior,2.33,0
1332,Viernes,19,Acceso,Media,Semi-Senior,14.02,0
1333,Jueves,4,Hardware,Baja,Semi-Senior,25.15,1
1334,Viernes,4,Software,Media,Junior,18.82,1
1335,Miércoles,5,Redes,Alta,Semi-Senior,3.76,0
1336,Sábado,8,Acceso,Baja,Semi-Senior,26.56,1
1337,Domingo,1,Hardware,Baja,Junior,22.77,1
1338,Domingo,20,Redes,Alta,Semi-Senior,7.18,0
1339,Sábado,11,Redes,Media,Junior,9.82,0
1340,Sábado,2,Acceso,Baja,Semi-Senior,26.29,0
1341,Jueves,19,Redes,Media,Semi-Senior,3.32,0
1342,Lunes,21,Redes,Media,Semi-Senior,10.33,0
1343,Viernes,11,Redes,Alta,Junior,3.09,0
1344,Domingo,23,Acceso,Media,Senior,6.66,0
1345,Sábado,16,Hardware,Baja,Junior,34.06,1
1346,Viernes,9,Redes,Media,Semi-Senior,10.04,0
1347,Domingo,23,Hardware,Media,Semi-Senior,,0
1348,Sábado,13,Redes,Baja,Semi-Senior,11.35,0
1349,Domingo,22,Acceso,Media,Junior,11.72,0
1350,Jueves,16,Hardware,Alta,Semi-Senior,4.56,0
1351,Lunes,17,Acceso,Baja,Junior,21.32,1
1352,Lunes,18,Software,Media,Semi-Senior,5.54,0
1353,Sábado,16,Redes,Baja,Semi-Senior,17.93,1
1354,Domingo,13,Software,Baja,Semi-Senior,15.68,1
1355,Jueves,8,Software,Baja,Semi-Senior,7.83,0
1356,Martes,7,Software,Baja,Senior,9.52,0
1357,Viernes,1,Redes,Alta,Junior,12.52,0
1358,Viernes,12,Acceso,Baja,Senior,5.49,0
1359,Miércoles,6,Software,Media,Junior,8.11,1
1360,Jueves,8,Hardware,Baja,Semi-Senior,10.38,0
1361,Domingo,21,Redes,Alta,Semi-Senior,11.52,0
1362,Miércoles,21,Acceso,Media,Semi-Senior,6.22,0
1363,Sábado,10,Acceso,Media,Junior,13.86,0
1364,Domingo,13,Software,Baja,Semi-Senior,49.64,1
1365,Miércoles,3,Redes,Baja,Junior,15.19,0
1366,Lunes,12,Software,Baja,Junior,16.21,1
1367,Viernes,1,Hardware,Alta,Junior,11.98,0
1368,Domingo,22,Acceso,Baja,Semi-Senior,12.76,1
1369,Miércoles,4,Acceso,Media,Junior,8.3,0
1370,Lunes,10,Redes,Media,Junior,8.28,0
1371,Jueves,5,Acceso,Baja,Junior,18.85,1
1372,Miércoles,17,Redes,Media,Junior,13.59,0
1373,Sábado,20,Software,Media,Senior,,0
1374,Sábado,9,Hardware,Media,Senior,1.71,0
1375,Sábado,3,Redes,Baja,Junior,11.49,1
1376,Domingo,8,Software,Baja,Semi-Senior,15.2,0
1377,Viernes,5,Hardware,Baja,Semi-Senior,12.74,0
1378,Miércoles,1,Acceso,Alta,Semi-Senior,1.93,0
1379,Jueves,16,Hardware,Media,Semi-Senior,14.91,0
1380,Miércoles,4,Hardware,Baja,Junior,17.58,0
1381,Viernes,5,Hardware,Alta,Semi-Senior,8.45,0
1382,Lunes,11,Acceso,Baja,Junior,20.74,1
1383,Viernes,22,Redes,Alta,Junior,6.63,0
1384,Sábado,20,Redes,Alta,Semi-Senior,0.54,0
1385,Domingo,9,Hardware,Alta,Semi-Senior,3.54,0
1386,Lunes,21,Software,Alta,Junior,12.21,1
1387,Domingo,20,Software,Baja,Semi-Senior,7.6,0
1388,Sábado,5,Hardware,Baja,Semi-Senior,24.43,1
1389,Martes,7,Hardware,Media,Senior,10.62,0
1390,Viernes,1,Software,Baja,Semi-Senior,8.21,0
1391,Viernes,11,Hardware,Baja,Semi-Senior,11.05,0
1392,Jueves,12,Hardware,Media,Semi-Senior,2.81,0
1393,Miércoles,20,Redes,Baja,Junior,16.05,1
1394,Lunes,6,Redes,Alta,Junior,5.81,0
1395,Domingo,9,Hardware,Alta,Junior,14.92,0
1396,Lunes,12,Hardware,Alta,Semi-Senior,0.5,0
1397,Jueves,16,Acceso,Media,Semi-Senior,7.59,0
1398,Jueves,20,Redes,Alta,Senior,0.5,0
1399,Domingo,13,Hardware,Alta,Semi-Senior,15.58,0
1400,Miércoles,1,Acceso,Media,Junior,,0
1401,Domingo,21,Acceso,Baja,Junior,26.7,1
1402,Domingo,10,Acceso,Alta,Junior,19.12,1
1403,Sábado,0,Acceso,Alta,Semi-Senior,1.76,0
1404,Miércoles,18,Redes,Baja,Semi-Senior,14.67,0
1405,Viernes,20,Acceso,Baja,Senior,12.02,0
1406,Sábado,3,Redes,Media,Semi-Senior,3.36,0
1407,Martes,18,Acceso,Baja,Senior,18.81,0
1408,Miércoles,20,Acceso,Alta,Semi-Senior,3.67,0
1409,Jueves,10,Software,Alta,Senior,,0
1410,Sábado,7,Redes,Baja,Semi-Senior,15.2,1
1411,Miércoles,10,Software,Media,Semi-Senior,0.85,0
1412,Lunes,3,Software,Baja,Semi-Senior,,1
1413,Domingo,16,Acceso,Media,Semi-Senior,8.17,0
1414,Martes,6,Redes,Baja,Semi-Senior,14.91,0
1415,Viernes,7,Hardware,Media,Junior,8.93,0
1416,Domingo,2,Acceso,Baja,Junior,18.91,1
1417,Lunes,21,Redes,Baja,Semi-Senior,7.17,0
1418,Lunes,1,Software,Baja,Semi-Senior,15.95,1
1419,Martes,22,Redes,Baja,Junior,19.38,1
1420,Viernes,14,Acceso,Media,Junior,14.05,0
1421,Jueves,23,Redes,Baja,Junior,16.67,1
1422,Sábado,21,Software,Media,Semi-Senior,6.0,0
1423,Viernes,21,Redes,Alta,Junior,8.42,0
1424,Miércoles,4,Redes,Alta,Junior,8.48,0
1425,Lunes,23,Software,Alta,Junior,,1
1426,Miércoles,0,Acceso,Alta,Junior,14.97,0
1427,Jueves,3,Hardware,Baja,Senior,7.35,0
1428,Miércoles,14,Software,Baja,Junior,11.3,1
1429,Viernes,19,Software,Media,Semi-Senior,4.0,0
1430,Miércoles,18,Acceso,Alta,Semi-Senior,8.02,1
1431,Jueves,2,Acceso,Alta,Senior,0.56,0
1432,Jueves,19,Redes,Baja,Junior,12.19,0
1433,Jueves,10,Software,Baja,Junior,20.56,1
1434,Viernes,16,Redes,Baja,Junior,14.82,1
1435,Jueves,12,Redes,Media,Junior,12.75,0
1436,Lunes,10,Acceso,Media,Semi-Senior,6.97,0
1437,Domingo,1,Acceso,Baja,Junior,20.81,1
1438,Jueves,8,Redes,Baja,Junior,20.32,1
1439,Miércoles,1,Software,Media,Senior,0.5,0
1440,Sábado,20,Software,Media,Semi-Senior,6.32,0
1441,Miércoles,8,Redes,Baja,Junior,12.53,1
1442,Sábado,8,Hardware,Alta,Junior,6.21,1
1443,Miércoles,7,Hardware,Media,Junior,28.55,1
1444,Viernes,16,Acceso,Alta,Senior,0.5,0
1445,Miércoles,0,Software,Alta,Senior,0.5,0
1446,Viernes,10,Redes,Baja,Senior,8.12,0
1447,Viernes,7,Redes,Baja,Senior,10.24,0
1448,Jueves,9,Software,Media,Semi-Senior,,0
1449,Lunes,6,Acceso,Baja,Junior,20.58,1
1450,Sábado,2,Acceso,Alta,Semi-Senior,5.87,0
1451,Jueves,2,Hardware,Media,Semi-Senior,7.28,0
1452,Jueves,17,Software,Alta,Senior,3.93,0
1453,Domingo,4,Software,Baja,Semi-Senior,,1
1454,Viernes,11,Redes,Baja,Semi-Senior,13.32,0
1455,Viernes,11,Software,Media,Senior,3.28,0
1456,Sábado,18,Hardware,Baja,Junior,,1
1457,Miércoles,5,Software,Media,Senior,2.86,0
1458,Miércoles,1,Redes,Alta,Junior,10.73,0
1459,Jueves,11,Hardware,Baja,Semi-Senior,12.27,0
1460,Martes,18,Redes,Media,Junior,11.44,0
1461,Martes,4,Software,Baja,Semi-Senior,,0
1462,Miércoles,11,Acceso,Baja,Semi-Senior,14.77,1
1463,Martes,16,Software,Alta,Junior,2.67,0
1464,Domingo,16,Software,Alta,Senior,9.79,0
1465,Miércoles,9,Redes,Media,Semi-Senior,11.93,0
1466,Viernes,22,Acceso,Alta,Semi-Senior,2.7,0
1467,Jueves,16,Software,Media,Junior,25.49,1
1468,Lunes,14,Hardware,Baja,Senior,10.59,0
1469,Jueves,11,Hardware,Baja,Junior,15.59,1
1470,Miércoles,15,Redes,Alta,Junior,3.85,0
1471,Domingo,23,Redes,Baja,Junior,12.39,0
1472,Miércoles,18,Acceso,Media,Semi-Senior,6.59,0
1473,Jueves,7,Redes,Media,Senior,3.64,0
1474,Domingo,20,Acceso,Media,Junior,22.09,0
1475,Domingo,16,Software,Baja,Junior,,1
1476,Domingo,22,Hardware,Baja,Senior,11.81,0
1477,Sábado,4,Hardware,Baja,Semi-Senior,7.19,0
1478,Miércoles,21,Hardware,Media,Semi-Senior,4.66,0
1479,Martes,15,Redes,Media,Junior,8.98,1
1480,Martes,5,Redes,Media,Semi-Senior,3.05,0
1481,Miércoles,7,Software,Media,Junior,6.76,0
1482,Miércoles,17,Redes,Baja,Senior,9.52,1
1483,Sábado,11,Acceso,Alta,Semi-Senior,1.91,0
1484,Martes,14,Hardware,Media,Semi-Senior,19.3,1
1485,Miércoles,8,Software,Baja,Junior,29.28,1
1486,Miércoles,12,Acceso,Baja,Junior,21.16,1
1487,Sábado,14,Acceso,Alta,Junior,13.46,0
1488,Sábado,9,Redes,Alta,Junior,3.61,0
1489,Jueves,15,Redes,Baja,Junior,23.2,1
1490,Sábado,6,Hardware,Media,Semi-Senior,0.5,0
1491,Lunes,16,Software,Baja,Junior,12.4,0
1492,Martes,22,Acceso,Baja,Semi-Senior,15.11,1
1493,Jueves,20,Redes,Media,Junior,6.44,0
1494,Lunes,21,Redes,Media,Junior,6.83,0
1495,Miércoles,6,Software,Media,Semi-Senior,11.95,0
1496,Miércoles,13,Software,Baja,Semi-Senior,38.07,1
1497,Jueves,14,Redes,Baja,Semi-Senior,12.57,1
1498,Sábado,20,Redes,Baja,Junior,11.7,1
1499,Domingo,6,Hardware,Baja,Semi-Senior,20.0,1
1500,Domingo,8,Software,Baja,Semi-Senior,9.86,0
1501,Miércoles,18,Acceso,Baja,Junior,19.46,1
1502,Domingo,15,Redes,Baja,Semi-Senior,17.6,1
1503,Viernes,7,Redes,Baja,Semi-Senior,11.21,1
1504,Jueves,17,Redes,Media,Junior,20.76,1
1505,Lunes,22,Redes,Baja,Senior,5.48,0
1506,Jueves,17,Hardware,Baja,Semi-Senior,7.49,1
1507,Martes,19,Software,Media,Junior,5.48,0
1508,Sábado,6,Redes,Baja,Semi-Senior,7.17,0
1509,Sábado,2,Software,Media,Junior,9.49,1
1510,Jueves,17,Acceso,Baja,Senior,10.96,0
1511,Miércoles,9,Acceso,Baja,Semi-Senior,12.11,0
1512,Miércoles,6,Acceso,Baja,Junior,13.89,1
1513,Viernes,16,Acceso,Baja,Junior,29.35,1
1514,Viernes,13,Software,Media,Junior,,0
1515,Sábado,23,Acceso,Alta,Semi-Senior,1.59,0
1516,Viernes,2,Acceso,Baja,Semi-Senior,16.54,0
1517,Lunes,11,Redes,Baja,Junior,29.82,1
1518,Viernes,12,Redes,Media,Junior,7.37,0
1519,Lunes,1,Redes,Baja,Junior,10.64,1
1520,Viernes,2,Hardware,Alta,Junior,7.72,0
1521,Sábado,4,Redes,Baja,Junior,22.35,1
1522,Sábado,10,Acceso,Alta,Semi-Senior,2.99,0
1523,Lunes,7,Software,Baja,Semi-Senior,13.33,1
1524,Jueves,22,Acceso,Baja,Senior,9.04,1
1525,Sábado,22,Software,Alta,Senior,1.03,0
1526,Jueves,11,Acceso,Media,Semi-Senior,12.13,1
1527,Miércoles,6,Hardware,Media,Semi-Senior,,0
1528,Lunes,14,Redes,Media,Senior,8.55,0
1529,Domingo,23,Acceso,Media,Junior,30.37,1
1530,Sábado,16,Redes,Baja,Junior,15.41,0
1531,Martes,3,Hardware,Media,Junior,7.51,1
1532,Miércoles,21,Hardware,Baja,Semi-Senior,12.89,0
1533,Jueves,12,Redes,Alta,Semi-Senior,1.02,0
1534,Sábado,17,Redes,Alta,Junior,,0
1535,Lunes,0,Software,Baja,Semi-Senior,13.13,0
1536,Domingo,15,Redes,Baja,Semi-Senior,8.95,1
1537,Viernes,12,Redes,Baja,Junior,19.72,1
1538,Domingo,9,Software,Baja,Junior,,1
1539,Martes,11,Acceso,Alta,Junior,5.09,0
1540,Jueves,1,Software,Baja,Junior,26.69,1
1541,Miércoles,22,Acceso,Baja,Senior,11.21,0
1542,Domingo,2,Acceso,Alta,Senior,0.5,0
1543,Lunes,9,Acceso,Alta,Senior,0.99,0
1544,Martes,1,Software,Media,Semi-Senior,19.89,1
1545,Lunes,22,Software,Media,Semi-Senior,15.92,0
1546,Sábado,12,Hardware,Media,Semi-Senior,8.23,0
1547,Viernes,12,Acceso,Alta,Semi-Senior,3.27,0
1548,Miércoles,17,Software,Media,Semi-Senior,13.18,1
1549,Lunes,2,Hardware,Media,Semi-Senior,,0
1550,Jueves,6,Acceso,Baja,Junior,19.98,1
1551,Sábado,13,Software,Baja,Semi-Senior,19.13,1
1552,Sábado,19,Software,Media,Junior,20.36,1
1553,Miércoles,16,Software,Alta,Semi-Senior,0.5,0
1554,Sábado,20,Redes,Alta,Semi-Senior,0.5,0
1555,Jueves,11,Hardware,Alta,Junior,,0
1556,Lunes,15,Software,Media,Senior,8.53,0
1557,Miércoles,23,Redes,Media,Junior,28.44,1
1558,Sábado,11,Hardware,Alta,Junior,6.05,0
1559,Sábado,14,Hardware,Media,Junior,11.18,1
1560,Jueves,9,Redes,Baja,Senior,12.76,0
1561,Viernes,6,Hardware,Baja,Semi-Senior,22.16,1
1562,Viernes,19,Redes,Alta,Semi-Senior,3.36,0
1563,Domingo,4,Acceso,Baja,Senior,9.79,0
1564,Sábado,0,Software,Alta,Junior,7.01,0
1565,Lunes,16,Redes,Baja,Junior,26.72,1
1566,Miércoles,2,Hardware,Media,Junior,7.66,0
1567,Sábado,12,Hardware,Media,Semi-Senior,3.32,0
1568,Martes,13,Acceso,Media,Semi-Senior,,0
1569,Miércoles,23,Acceso,Baja,Junior,13.64,0
1570,Domingo,17,Acceso,Alta,Junior,3.57,0
1571,Viernes,3,Acceso,Media,Junior,10.1,0
1572,Sábado,17,Acceso,Baja,Semi-Senior,10.54,0
1573,Jueves,4,Software,Media,Junior,5.1,0
1574,Martes,15,Redes,Baja,Junior,,1
1575,Sábado,0,Acceso,Baja,Junior,18.15,0
1576,Domingo,20,Acceso,Baja,Semi-Senior,11.37,0
1577,Lunes,13,Software,Alta,Semi-Senior,3.45,0
1578,Martes,14,Redes,Media,Semi-Senior,9.3,0
1579,Domingo,8,Acceso,Media,Semi-Senior,3.05,1
1580,Sábado,14,Redes,Baja,Semi-Senior,6.59,0
1581,Lunes,16,Redes,Baja,Senior,14.04,1
1582,Martes,23,Software,Alta,Junior,8.42,0
1583,Lunes,3,Software,Media,Semi-Senior,4.82,1
1584,Lunes,11,Acceso,Alta,Semi-Senior,5.75,0
1585,Martes,4,Hardware,Baja,Junior,19.28,1
1586,Martes,4,Software,Baja,Semi-Senior,11.69,0
1587,Lunes,10,Redes,Alta,Junior,6.18,0
1588,Domingo,5,Redes,Media,Junior,8.73,0
1589,Viernes,6,Acceso,Baja,Junior,21.44,1
1590,Martes,23,Acceso,Baja,Junior,20.2,1
1591,Sábado,13,Acceso,Alta,Semi-Senior,3.64,0
1592,Miércoles,23,Redes,Baja,Semi-Senior,17.45,1
1593,Jueves,10,Software,Media,Semi-Senior,4.05,0
1594,Lunes,12,Hardware,Baja,Semi-Senior,14.88,0
1595,Lunes,1,Software,Baja,Junior,24.65,1
1596,Jueves,6,Hardware,Alta,Semi-Senior,4.53,0
1597,Viernes,19,Software,Baja,Senior,8.96,1
1598,Jueves,3,Acceso,Media,Junior,8.67,0
1599,Martes,7,Redes,Alta,Semi-Senior,3.8,0
1600,Jueves,19,Hardware,Baja,Semi-Senior,17.56,1
1601,Lunes,21,Software,Baja,Semi-Senior,18.25,1
1602,Jueves,20,Redes,Media,Junior,18.63,0
1603,Miércoles,18,Hardware,Baja,Junior,16.87,1
1604,Sábado,12,Hardware,Baja,Semi-Senior,25.45,1
1605,Martes,13,Redes,Baja,Senior,26.72,0
1606,Jueves,9,Acceso,Media,Junior,7.92,0
1607,Lunes,10,Redes,Media,Senior,3.87,0
1608,Domingo,1,Acceso,Media,Junior,6.89,0
1609,Sábado,8,Software,Baja,Junior,,1
1610,Martes,16,Software,Media,Semi-Senior,7.54,0
1611,Lunes,2,Redes,Alta,Semi-Senior,,0
1612,Viernes,23,Acceso,Media,Junior,28.55,1
1613,Miércoles,5,Software,Media,Junior,6.09,0
1614,Viernes,4,Acceso,Media,Senior,0.5,0
1615,Miércoles,4,Acceso,Alta,Senior,16.11,0
1616,Jueves,21,Acceso,Alta,Junior,2.9,0
1617,Martes,14,Redes,Baja,Junior,23.26,1
1618,Jueves,22,Acceso,Baja,Semi-Senior,9.9,0
1619,Miércoles,16,Redes,Baja,Semi-Senior,17.32,1
1620,Miércoles,8,Software,Baja,Junior,11.61,1
1621,Miércoles,2,Software,Baja,Senior,12.72,1
1622,Sábado,19,Hardware,Alta,Junior,7.44,0
1623,Lunes,16,Hardware,Baja,Semi-Senior,24.06,1
1624,Martes,9,Software,Media,Semi-Senior,3.12,0
1625,Jueves,2,Acceso,Media,Semi-Senior,7.68,0
1626,Jueves,17,Acceso,Baja,Junior,12.48,1
1627,Viernes,17,Software,Alta,Semi-Senior,0.5,0
1628,Miércoles,16,Software,Alta,Senior,9.77,0
1629,Domingo,23,Hardware,Baja,Semi-Senior,12.37,1
1630,Miércoles,2,Acceso,Baja,Semi-Senior,20.95,0
1631,Miércoles,2,Software,Baja,Junior,13.77,1
1632,Domingo,5,Hardware,Media,Senior,5.3,0
1633,Jueves,12,Hardware,Baja,Senior,17.1,0
1634,Viernes,23,Acceso,Media,Semi-Senior,14.66,0
1635,Lunes,14,Hardware,Alta,Semi-Senior,1.87,0
1636,Domingo,8,Hardware,Baja,Senior,15.96,0
1637,Sábado,3,Redes,Alta,Junior,13.31,0
1638,Martes,13,Software,Baja,Semi-Senior,21.22,1
1639,Domingo,4,Acceso,Alta,Semi-Senior,3.33,0
1640,Lunes,1,Software,Baja,Semi-Senior,14.95,1
1641,Jueves,10,Redes,Media,Senior,6.42,0
1642,Sábado,8,Acceso,Baja,Semi-Senior,10.59,0
1643,Sábado,23,Software,Alta,Junior,13.02,0
1644,Sábado,2,Hardware,Media,Junior,15.9,0
1645,Miércoles,8,Acceso,Baja,Junior,13.79,1
1646,Martes,2,Redes,Media,Semi-Senior,17.5,0
1647,Jueves,1,Hardware,Baja,Junior,19.45,1
1648,Jueves,11,Redes,Media,Junior,6.19,0
1649,Sábado,9,Hardware,Alta,Semi-Senior,1.38,0
1650,Jueves,8,Software,Baja,Senior,15.33,1
1651,Martes,14,Software,Baja,Senior,16.03,1
1652,Martes,7,Software,Baja,Senior,21.26,0
1653,Viernes,4,Redes,Media,Semi-Senior,4.44,0
1654,Domingo,10,Acceso,Baja,Junior,14.75,1
1655,Domingo,1,Software,Baja,Senior,27.68,0
1656,Viernes,23,Redes,Baja,Junior,26.38,1
1657,Lunes,14,Hardware,Baja,Semi-Senior,14.03,1
1658,Domingo,5,Software,Alta,Semi-Senior,4.75,0
1659,Martes,7,Hardware,Baja,Senior,25.93,1
1660,Martes,4,Software,Media,Semi-Senior,2.55,0
1661,Domingo,15,Hardware,Media,Junior,9.83,0
1662,Martes,17,Redes,Media,Semi-Senior,8.89,0
1663,Viernes,5,Software,Baja,Junior,22.35,1
1664,Sábado,4,Redes,Media,Senior,1.83,0
1665,Sábado,15,Redes,Alta,Semi-Senior,,0
1666,Jueves,12,Hardware,Baja,Semi-Senior,13.14,1
1667,Sábado,4,Software,Baja,Senior,35.66,1
1668,Miércoles,12,Acceso,Baja,Semi-Senior,23.27,1
1669,Viernes,16,Acceso,Baja,Junior,38.17,1
1670,Martes,17,Redes,Baja,Junior,15.31,1
1671,Domingo,7,Hardware,Media,Semi-Senior,18.8,0
1672,Sábado,12,Hardware,Baja,Senior,16.07,1
1673,Viernes,18,Hardware,Media,Semi-Senior,7.69,1
1674,Sábado,2,Software,Media,Senior,,0
1675,Lunes,23,Software,Baja,Junior,13.86,1
1676,Martes,7,Hardware,Media,Junior,4.89,0
1677,Lunes,1,Acceso,Baja,Junior,13.62,1
1678,Martes,7,Acceso,Alta,Semi-Senior,6.51,0
1679,Viernes,12,Software,Baja,Junior,,1
1680,Jueves,12,Hardware,Media,Junior,,1
1681,Sábado,0,Acceso,Alta,Semi-Senior,9.6,0
1682,Sábado,5,Acceso,Baja,Semi-Senior,20.05,0
1683,Miércoles,23,Software,Baja,Semi-Senior,9.68,1
1684,Domingo,18,Software,Media,Semi-Senior,3.7,0
1685,Lunes,15,Acceso,Baja,Semi-Senior,8.95,1
1686,Sábado,7,Hardware,Alta,Semi-Senior,0.5,0
1687,Viernes,0,Acceso,Alta,Senior,1.74,0
1688,Jueves,15,Acceso,Baja,Junior,15.13,1
1689,Domingo,8,Hardware,Baja,Junior,20.62,0
1690,Viernes,12,Software,Baja,Junior,31.07,1
1691,Lunes,10,Hardware,Baja,Junior,10.95,0
1692,Miércoles,12,Hardware,Media,Senior,2.93,0
1693,Sábado,20,Hardware,Media,Junior,8.94,0
1694,Viernes,9,Hardware,Baja,Senior,10.27,0
1695,Domingo,3,Software,Baja,Junior,,1
1696,Martes,5,Acceso,Baja,Senior,7.96,0
1697,Jueves,6,Redes,Baja,Semi-Senior,,1
1698,Domingo,4,Software,Alta,Semi-Senior,0.57,0
1699,Viernes,10,Hardware,Baja,Semi-Senior,8.43,0
1700,Jueves,12,Acceso,Alta,Junior,15.49,0
1701,Sábado,18,Acceso,Media,Semi-Senior,16.55,0
1702,Martes,22,Hardware,Media,Junior,7.09,1
1703,Miércoles,9,Software,Baja,Semi-Senior,9.4,0
1704,Domingo,9,Hardware,Media,Semi-Senior,4.85,0
1705,Miércoles,10,Acceso,Media,Junior,6.68,0
1706,Martes,20,Acceso,Media,Senior,9.09,0
1707,Jueves,6,Software,Baja,Junior,11.96,0
1708,Sábado,17,Redes,Baja,Semi-Senior,15.93,1
1709,Viernes,3,Hardware,Media,Senior,8.68,0
1710,Martes,1,Redes,Baja,Semi-Senior,18.42,1
1711,Lunes,13,Acceso,Baja,Semi-Senior,18.42,1
1712,Jueves,12,Redes,Alta,Semi-Senior,15.5,0
1713,Miércoles,11,Hardware,Baja,Senior,13.22,0
1714,Domingo,6,Hardware,Baja,Junior,22.9,1
1715,Martes,1,Acceso,Baja,Semi-Senior,6.9,0
1716,Miércoles,12,Software,Media,Semi-Senior,,0
1717,Jueves,13,Software,Baja,Junior,20.25,1
1718,Miércoles,16,Acceso,Media,Junior,16.9,0
1719,Martes,8,Hardware,Baja,Junior,20.18,1
1720,Jueves,16,Software,Baja,Semi-Senior,13.47,0
1721,Lunes,7,Redes,Media,Senior,0.74,0
1722,Martes,1,Acceso,Baja,Semi-Senior,12.14,0
1723,Viernes,23,Redes,Alta,Semi-Senior,2.26,1
1724,Sábado,12,Hardware,Baja,Junior,28.01,1
1725,Martes,2,Software,Baja,Junior,12.54,0
1726,Jueves,15,Hardware,Baja,Junior,28.82,1
1727,Domingo,5,Redes,Baja,Semi-Senior,25.92,1
1728,Sábado,18,Hardware,Alta,Junior,12.57,0
1729,Martes,6,Hardware,Alta,Semi-Senior,2.01,0
1730,Lunes,9,Acceso,Baja,Senior,8.33,1
1731,Domingo,8,Acceso,Media,Semi-Senior,7.08,1
1732,Lunes,1,Hardware,Media,Semi-Senior,3.54,0
1733,Viernes,14,Acceso,Baja,Semi-Senior,12.78,0
1734,Domingo,4,Hardware,Baja,Junior,14.6,0
1735,Miércoles,21,Redes,Alta,Junior,5.4,0
1736,Domingo,3,Acceso,Alta,Senior,7.69,0
1737,Sábado,19,Hardware,Alta,Semi-Senior,0.5,0
1738,Domingo,3,Acceso,Media,Semi-Senior,,0
1739,Jueves,17,Hardware,Media,Junior,11.93,1
1740,Jueves,3,Acceso,Baja,Semi-Senior,27.48,0
1741,Miércoles,16,Software,Baja,Junior,22.97,1
1742,Domingo,11,Hardware,Baja,Junior,11.03,1
1743,Lunes,21,Software,Media,Junior,7.0,1
1744,Lunes,16,Hardware,Media,Semi-Senior,4.5,0
1745,Martes,9,Software,Alta,Junior,5.78,0
1746,Viernes,21,Hardware,Alta,Junior,28.07,0
1747,Sábado,0,Acceso,Alta,Semi-Senior,5.3,0
1748,Viernes,21,Software,Alta,Semi-Senior,6.57,0
1749,Domingo,23,Acceso,Baja,Semi-Senior,25.55,1
1750,Viernes,17,Hardware,Media,Semi-Senior,3.59,0
1751,Martes,17,Acceso,Media,Senior,0.5,0
1752,Viernes,13,Hardware,Baja,Junior,16.96,1
1753,Miércoles,14,Acceso,Alta,Junior,8.66,0
1754,Martes,11,Software,Alta,Semi-Senior,2.66,0
1755,Miércoles,3,Hardware,Baja,Junior,18.94,1
1756,Domingo,2,Acceso,Baja,Semi-Senior,13.67,0
1757,Martes,19,Hardware,Media,Semi-Senior,6.38,0
1758,Domingo,11,Hardware,Media,Senior,10.02,1
1759,Domingo,6,Hardware,Alta,Senior,16.94,0
1760,Viernes,10,Redes,Baja,Senior,7.34,0
1761,Miércoles,0,Hardware,Baja,Junior,13.35,0
1762,Domingo,5,Acceso,Baja,Senior,14.63,0
1763,Miércoles,14,Redes,Baja,Junior,14.9,1
1764,Miércoles,14,Acceso,Baja,Semi-Senior,15.84,0
1765,Martes,18,Redes,Alta,Semi-Senior,0.94,0
1766,Jueves,10,Hardware,Baja,Junior,34.65,1
1767,Viernes,22,Software,Baja,Semi-Senior,11.41,0
1768,Domingo,1,Software,Baja,Junior,27.73,1
1769,Miércoles,13,Hardware,Baja,Junior,20.44,1
1770,Sábado,1,Redes,Alta,Senior,3.59,0
1771,Jueves,3,Acceso,Media,Junior,9.84,0
1772,Domingo,16,Software,Media,Junior,8.32,1
1773,Sábado,2,Hardware,Baja,Semi-Senior,13.54,1
1774,Viernes,12,Hardware,Baja,Senior,14.53,0
1775,Viernes,8,Redes,Baja,Junior,14.74,0
1776,Miércoles,6,Software,Baja,Junior,17.12,1
1777,Miércoles,14,Hardware,Alta,Senior,0.72,0
1778,Domingo,22,Software,Baja,Junior,17.34,1
1779,Martes,10,Acceso,Media,Junior,6.98,0
1780,Jueves,19,Hardware,Baja,Semi-Senior,7.73,0
1781,Domingo,1,Hardware,Media,Semi-Senior,12.33,0
1782,Jueves,14,Acceso,Alta,Senior,0.5,0
1783,Miércoles,13,Hardware,Media,Junior,,1
1784,Viernes,19,Redes,Media,Senior,0.5,0
1785,Miércoles,21,Acceso,Alta,Senior,2.44,0
1786,Viernes,10,Redes,Media,Junior,6.17,0
1787,Domingo,2,Acceso,Baja,Junior,17.42,1
1788,Viernes,16,Acceso,Baja,Senior,5.01,1
1789,Miércoles,11,Redes,Media,Semi-Senior,12.57,0
1790,Lunes,23,Acceso,Media,Semi-Senior,14.08,1
1791,Jueves,20,Software,Baja,Semi-Senior,10.2,0
1792,Sábado,14,Redes,Baja,Semi-Senior,40.12,1
1793,Viernes,15,Acceso,Alta,Senior,7.42,0
1794,Viernes,4,Redes,Baja,Junior,13.39,1
1795,Lunes,19,Acceso,Baja,Junior,14.06,1
1796,Domingo,5,Acceso,Baja,Senior,,0
1797,Domingo,18,Software,Alta,Senior,,0
1798,Domingo,4,Software,Baja,Semi-Senior,14.75,1
1799,Sábado,2,Software,Media,Senior,11.66,0
1800,Martes,0,Acceso,Baja,Semi-Senior,7.03,0
1801,Lunes,5,Software,Media,Junior,6.8,1
1802,Sábado,14,Redes,Alta,Senior,1.02,0
1803,Lunes,1,Acceso,Baja,Semi-Senior,12.57,0
1804,Viernes,2,Redes,Media,Junior,14.99,1
1805,Jueves,16,Software,Baja,Junior,12.73,1
1806,Lunes,23,Acceso,Baja,Semi-Senior,17.72,1
1807,Martes,11,Redes,Alta,Senior,,0
1808,Miércoles,17,Hardware,Baja,Junior,16.98,1
1809,Sábado,14,Redes,Media,Junior,8.96,0
1810,Lunes,11,Acceso,Baja,Semi-Senior,11.01,1
1811,Lunes,15,Hardware,Baja,Senior,5.22,0
1812,Martes,7,Software,Baja,Semi-Senior,34.16,0
1813,Jueves,13,Software,Media,Semi-Senior,2.7,0
1814,Lunes,16,Redes,Baja,Semi-Senior,9.62,1
1815,Lunes,20,Software,Media,Junior,5.97,1
1816,Jueves,7,Redes,Baja,Semi-Senior,9.13,0
1817,Martes,14,Redes,Baja,Junior,18.17,1
1818,Sábado,13,Redes,Media,Senior,0.65,0
1819,Sábado,17,Redes,Alta,Junior,15.09,0
1820,Lunes,19,Acceso,Baja,Semi-Senior,10.4,1
1821,Jueves,6,Acceso,Media,Junior,6.39,1
1822,Lunes,2,Hardware,Baja,Semi-Senior,7.01,0
1823,Domingo,11,Hardware,Media,Junior,5.63,0
1824,Miércoles,20,Software,Alta,Junior,4.72,0
1825,Sábado,23,Acceso,Alta,Junior,13.97,0
1826,Domingo,2,Hardware,Media,Semi-Senior,5.42,0
1827,Viernes,19,Acceso,Baja,Junior,22.87,1
1828,Miércoles,13,Acceso,Alta,Semi-Senior,2.58,0
1829,Lunes,14,Software,Media,Semi-Senior,11.97,1
1830,Martes,13,Software,Baja,Semi-Senior,11.46,0
1831,Sábado,6,Redes,Baja,Semi-Senior,14.95,0
1832,Viernes,16,Acceso,Alta,Senior,0.5,0
1833,Miércoles,11,Redes,Alta,Junior,15.19,0
1834,Sábado,19,Redes,Baja,Junior,21.39,1
1835,Jueves,3,Redes,Media,Senior,,0
1836,Martes,8,Acceso,Alta,Junior,9.54,0
1837,Miércoles,5,Acceso,Baja,Senior,7.36,1
1838,Jueves,15,Redes,Baja,Junior,13.46,1
1839,Domingo,21,Acceso,Media,Semi-Senior,1.4,0
1840,Lunes,21,Redes,Baja,Junior,18.24,1
1841,Jueves,20,Hardware,Baja,Senior,5.41,0
1842,Miércoles,20,Acceso,Media,Semi-Senior,5.19,0
1843,Miércoles,1,Software,Alta,Junior,4.8,0
1844,Domingo,23,Software,Media,Junior,24.37,1
1845,Lunes,7,Redes,Media,Junior,6.5,1
1846,Jueves,10,Hardware,Baja,Semi-Senior,16.64,1
1847,Jueves,12,Acceso,Baja,Junior,19.47,1
1848,Lunes,16,Redes,Media,Junior,11.41,1
1849,Jueves,7,Hardware,Baja,Semi-Senior,13.86,1
1850,Sábado,20,Hardware,Alta,Semi-Senior,0.5,0
1851,Lunes,17,Acceso,Baja,Junior,31.51,1
1852,Martes,17,Software,Baja,Junior,23.09,1
1853,Miércoles,13,Software,Baja,Semi-Senior,11.67,0
1854,Martes,14,Hardware,Alta,Senior,3.41,0
1855,Sábado,5,Software,Baja,Junior,29.67,1
1856,Domingo,10,Hardware,Baja,Semi-Senior,20.85,1
1857,Sábado,12,Hardware,Baja,Junior,,1
1858,Viernes,0,Hardware,Alta,Junior,5.72,0
1859,Viernes,5,Software,Baja,Semi-Senior,15.06,1
1860,Viernes,8,Redes,Baja,Junior,11.98,1
1861,Lunes,7,Software,Baja,Semi-Senior,9.49,0
1862,Jueves,10,Redes,Media,Senior,8.94,0
1863,Sábado,21,Software,Baja,Senior,24.81,1
1864,Martes,18,Acceso,Baja,Junior,15.08,1
1865,Domingo,23,Acceso,Baja,Junior,17.71,1
1866,Martes,8,Software,Media,Senior,0.5,0
1867,Martes,16,Acceso,Media,Junior,6.14,0
1868,Martes,11,Acceso,Media,Semi-Senior,3.01,0
1869,Domingo,13,Acceso,Alta,Junior,10.3,0
1870,Viernes,14,Acceso,Alta,Junior,16.47,0
1871,Martes,15,Redes,Baja,Junior,15.91,1
1872,Domingo,21,Hardware,Media,Senior,1.52,0
1873,Domingo,21,Redes,Media,Senior,2.74,0
1874,Jueves,19,Hardware,Alta,Junior,26.9,1
1875,Domingo,0,Hardware,Baja,Senior,,0
1876,Viernes,9,Software,Media,Junior,,1
1877,Martes,7,Software,Baja,Junior,17.17,1
1878,Domingo,17,Software,Alta,Semi-Senior,1.01,0
1879,Lunes,0,Software,Baja,Semi-Senior,10.98,1
1880,Domingo,1,Software,Baja,Junior,18.59,1
1881,Miércoles,0,Redes,Baja,Junior,22.47,1
1882,Miércoles,0,Redes,Baja,Senior,8.67,0
1883,Miércoles,8,Acceso,Media,Senior,0.5,0
1884,Domingo,12,Redes,Baja,Senior,6.08,0
1885,Viernes,0,Redes,Baja,Junior,20.18,0
1886,Martes,12,Software,Alta,Semi-Senior,2.67,0
1887,Sábado,19,Acceso,Baja,Junior,17.39,1
1888,Sábado,21,Redes,Media,Senior,2.65,0
1889,Sábado,6,Redes,Baja,Junior,15.45,1
1890,Viernes,1,Acceso,Baja,Junior,12.67,0
1891,Jueves,5,Hardware,Alta,Semi-Senior,2.52,0
1892,Lunes,6,Software,Media,Senior,0.5,0
1893,Lunes,13,Redes,Baja,Semi-Senior,14.07,1
1894,Miércoles,17,Redes,Alta,Junior,22.2,0
1895,Miércoles,14,Acceso,Alta,Semi-Senior,3.55,0
1896,Domingo,1,Redes,Alta,Senior,9.56,0
1897,Sábado,9,Software,Baja,Junior,26.65,0
1898,Domingo,22,Redes,Baja,Senior,10.16,1
1899,Sábado,11,Hardware,Media,Senior,15.23,0
1900,Miércoles,16,Software,Media,Junior,6.76,0
1901,Martes,7,Hardware,Baja,Junior,13.2,1
1902,Jueves,10,Acceso,Media,Junior,23.8,0
1903,Domingo,2,Software,Baja,Junior,16.14,1
1904,Jueves,5,Redes,Baja,Semi-Senior,9.43,0
1905,Jueves,8,Software,Baja,Semi-Senior,7.82,0
1906,Jueves,5,Software,Media,Semi-Senior,8.89,0
1907,Miércoles,8,Software,Baja,Junior,17.7,1
1908,Lunes,6,Hardware,Alta,Semi-Senior,10.83,0
1909,Miércoles,8,Acceso,Media,Semi-Senior,13.55,0
1910,Jueves,17,Software,Media,Senior,2.93,0
1911,Miércoles,11,Redes,Alta,Junior,9.62,0
1912,Jueves,7,Software,Media,Semi-Senior,14.16,0
1913,Viernes,7,Software,Alta,Senior,15.53,0
1914,Sábado,17,Acceso,Baja,Semi-Senior,7.66,0
1915,Lunes,19,Redes,Baja,Junior,14.03,1
1916,Viernes,14,Redes,Baja,Junior,14.14,1
1917,Martes,6,Hardware,Baja,Senior,18.87,1
1918,Miércoles,10,Redes,Alta,Junior,12.86,0
1919,Martes,19,Redes,Baja,Senior,10.53,0
1920,Domingo,15,Redes,Media,Senior,6.51,0
1921,Miércoles,3,Software,Media,Junior,8.84,1
1922,Sábado,5,Hardware,Media,Semi-Senior,,0
1923,Viernes,21,Redes,Baja,Junior,13.69,1
1924,Sábado,2,Redes,Media,Junior,6.7,0
1925,Domingo,8,Redes,Baja,Semi-Senior,12.07,0
1926,Jueves,9,Software,Baja,Semi-Senior,17.6,1
1927,Sábado,13,Software,Media,Junior,11.92,1
1928,Sábado,10,Hardware,Media,Senior,14.61,0
1929,Jueves,17,Acceso,Baja,Junior,16.58,1
1930,Miércoles,21,Hardware,Alta,Semi-Senior,0.5,0
1931,Jueves,11,Software,Baja,Semi-Senior,11.04,0
1932,Viernes,22,Redes,Baja,Junior,10.64,1
1933,Sábado,11,Redes,Baja,Senior,12.98,0
1934,Jueves,12,Hardware,Media,Semi-Senior,4.57,0
1935,Domingo,12,Redes,Media,Semi-Senior,5.99,0
1936,Domingo,18,Software,Baja,Semi-Senior,21.51,1
1937,Sábado,18,Hardware,Baja,Junior,18.37,1
1938,Viernes,22,Acceso,Media,Junior,7.95,1
1939,Martes,13,Software,Baja,Semi-Senior,14.91,1
1940,Viernes,3,Software,Baja,Senior,15.39,0
1941,Lunes,12,Redes,Media,Senior,1.87,0
1942,Lunes,7,Software,Baja,Junior,20.01,1
1943,Lunes,22,Software,Alta,Semi-Senior,3.55,0
1944,Sábado,20,Acceso,Baja,Junior,13.97,0
1945,Domingo,22,Redes,Media,Junior,11.14,0
1946,Miércoles,18,Software,Baja,Semi-Senior,9.05,1
1947,Domingo,11,Redes,Alta,Semi-Senior,7.88,0
1948,Miércoles,17,Software,Baja,Junior,13.29,1
1949,Miércoles,5,Acceso,Media,Semi-Senior,13.48,0
1950,Domingo,17,Redes,Media,Semi-Senior,7.79,0
1951,Sábado,18,Redes,Baja,Junior,23.71,1
1952,Viernes,21,Acceso,Baja,Semi-Senior,10.96,0
1953,Miércoles,4,Hardware,Media,Junior,8.6,0
1954,Martes,23,Software,Alta,Semi-Senior,8.75,0
1955,Domingo,8,Software,Baja,Senior,9.01,1
1956,Domingo,2,Hardware,Baja,Semi-Senior,11.75,0
1957,Lunes,9,Redes,Alta,Senior,1.77,0
1958,Viernes,18,Redes,Baja,Junior,11.07,1
1959,Lunes,2,Acceso,Alta,Semi-Senior,16.93,0
1960,Domingo,21,Acceso,Media,Semi-Senior,8.96,1
1961,Domingo,14,Acceso,Media,Semi-Senior,12.0,1
1962,Miércoles,0,Hardware,Baja,Senior,11.83,0
1963,Viernes,6,Hardware,Baja,Semi-Senior,14.12,1
1964,Jueves,11,Redes,Media,Semi-Senior,6.79,0
1965,Martes,16,Acceso,Alta,Junior,3.88,0
1966,Miércoles,20,Redes,Alta,Junior,11.86,0
1967,Domingo,23,Hardware,Baja,Semi-Senior,13.93,1
1968,Miércoles,19,Software,Baja,Semi-Senior,8.08,1
1969,Martes,4,Redes,Baja,Senior,14.41,0
1970,Domingo,3,Hardware,Alta,Junior,19.65,1
1971,Martes,11,Acceso,Baja,Junior,18.18,1
1972,Jueves,19,Software,Baja,Semi-Senior,24.07,0
1973,Miércoles,23,Software,Baja,Senior,5.84,1
1974,Sábado,17,Software,Baja,Senior,13.82,1
1975,Miércoles,16,Acceso,Alta,Junior,15.67,0
1976,Lunes,18,Software,Media,Junior,10.03,1
1977,Viernes,8,Hardware,Baja,Semi-Senior,8.02,0
1978,Viernes,3,Redes,Baja,Junior,23.69,1
1979,Lunes,20,Software,Baja,Senior,14.84,1
1980,Domingo,1,Software,Baja,Semi-Senior,9.25,0
1981,Viernes,3,Hardware,Baja,Junior,13.57,1
1982,Martes,1,Acceso,Media,Junior,11.18,0
1983,Viernes,14,Software,Baja,Junior,47.75,1
1984,Viernes,1,Hardware,Baja,Senior,7.65,0
1985,Lunes,3,Hardware,Baja,Junior,19.75,1
1986,Domingo,5,Acceso,Media,Junior,7.65,0
1987,Jueves,6,Acceso,Media,Senior,5.41,0
1988,Viernes,9,Redes,Media,Junior,6.87,0
1989,Sábado,18,Software,Media,Semi-Senior,5.49,0
1990,Viernes,18,Redes,Media,Junior,20.86,1
1991,Jueves,21,Hardware,Baja,Semi-Senior,15.15,0
1992,Lunes,11,Software,Alta,Junior,2.33,0
1993,Jueves,2,Hardware,Baja,Junior,22.45,1
1994,Lunes,12,Hardware,Baja,Semi-Senior,17.27,1
1995,Martes,17,Hardware,Media,Junior,7.7,0
1996,Lunes,7,Acceso,Baja,Semi-Senior,11.85,1
1997,Martes,20,Acceso,Alta,Junior,4.72,0
1998,Martes,14,Software,Baja,Semi-Senior,,0
1999,Lunes,0,Hardware,Alta,Senior,2.4,0
2000,Sábado,2,Hardware,Alta,Junior,3.85,0
2001,Miércoles,7,Software,Alta,Junior,11.02,0
2002,Lunes,3,Redes,Alta,Senior,0.5,0
2003,Viernes,15,Hardware,Alta,Semi-Senior,6.73,0
2004,Sábado,22,Acceso,Media,Junior,9.1,1
2005,Sábado,9,Redes,Baja,Semi-Senior,9.59,0
2006,Viernes,11,Redes,Baja,Junior,11.55,1
2007,Miércoles,13,Redes,Media,Junior,4.38,1
2008,Sábado,13,Redes,Alta,Senior,1.08,0
2009,Martes,1,Redes,Media,Semi-Senior,,0
2010,Miércoles,22,Redes,Alta,Semi-Senior,2.79,0
2011,Domingo,4,Software,Alta,Junior,12.27,0
2012,Viernes,4,Software,Baja,Junior,16.12,1
2013,Miércoles,5,Redes,Baja,Senior,20.4,0
2014,Lunes,12,Acceso,Baja,Junior,14.76,1
2015,Miércoles,8,Software,Baja,Junior,29.3,1
2016,Martes,21,Software,Media,Junior,11.96,0
2017,Lunes,14,Redes,Alta,Semi-Senior,,0
2018,Jueves,13,Acceso,Media,Junior,6.16,0
2019,Viernes,23,Redes,Baja,Junior,20.98,1
2020,Viernes,6,Acceso,Baja,Senior,11.74,1
2021,Miércoles,19,Acceso,Baja,Semi-Senior,10.32,0
2022,Sábado,1,Hardware,Media,Junior,17.39,0
2023,Lunes,6,Software,Baja,Semi-Senior,12.6,1
2024,Jueves,5,Redes,Baja,Junior,17.8,1
2025,Lunes,16,Software,Baja,Semi-Senior,7.85,1
2026,Viernes,1,Software,Baja,Semi-Senior,11.87,1
2027,Lunes,2,Acceso,Alta,Junior,5.47,0
2028,Jueves,4,Software,Baja,Junior,12.45,1
2029,Sábado,4,Hardware,Baja,Semi-Senior,11.54,0
2030,Miércoles,0,Redes,Baja,Senior,17.55,0
2031,Martes,7,Software,Baja,Semi-Senior,12.14,0
2032,Lunes,11,Redes,Media,Junior,20.24,1
2033,Martes,23,Software,Media,Junior,,0
2034,Viernes,3,Redes,Baja,Junior,11.63,1
2035,Miércoles,12,Redes,Media,Junior,14.45,0
2036,Domingo,22,Redes,Baja,Semi-Senior,21.81,1
2037,Miércoles,14,Software,Media,Semi-Senior,,0
2038,Lunes,10,Hardware,Baja,Junior,15.24,0
2039,Sábado,9,Redes,Baja,Junior,25.98,1
2040,Miércoles,2,Acceso,Media,Semi-Senior,1.97,0
2041,Lunes,21,Acceso,Alta,Junior,5.41,0
2042,Lunes,13,Acceso,Media,Senior,7.0,0
2043,Martes,15,Hardware,Baja,Semi-Senior,13.19,0
2044,Miércoles,9,Redes,Baja,Senior,6.45,0
2045,Lunes,9,Hardware,Alta,Senior,0.5,0
2046,Martes,11,Redes,Baja,Senior,11.13,0
2047,Jueves,8,Hardware,Baja,Junior,11.31,0
2048,Domingo,0,Redes,Baja,Senior,17.04,1
2049,Martes,4,Acceso,Baja,Junior,13.88,1
2050,Martes,19,Redes,Baja,Junior,18.13,1
2051,Lunes,7,Hardware,Baja,Semi-Senior,15.73,0
2052,Viernes,10,Redes,Baja,Junior,23.32,1
2053,Viernes,11,Software,Alta,Junior,14.64,0
2054,Sábado,0,Redes,Baja,Junior,14.31,0
2055,Viernes,21,Acceso,Baja,Junior,17.43,0
2056,Martes,19,Redes,Media,Semi-Senior,28.13,1
2057,Sábado,10,Software,Media,Junior,26.49,1
2058,Lunes,4,Software,Baja,Semi-Senior,17.53,1
2059,Miércoles,14,Software,Alta,Senior,,0
2060,Domingo,4,Hardware,Baja,Semi-Senior,9.47,0
2061,Domingo,11,Software,Alta,Semi-Senior,4.59,0
2062,Martes,4,Hardware,Baja,Senior,14.24,0
2063,Martes,16,Software,Baja,Junior,15.44,1
2064,Sábado,16,Hardware,Alta,Semi-Senior,1.21,0
2065,Lunes,23,Software,Media,Senior,15.49,0
2066,Jueves,11,Software,Baja,Senior,29.49,1
2067,Martes,23,Redes,Baja,Semi-Senior,14.77,0
2068,Jueves,14,Software,Baja,Junior,18.93,1
2069,Jueves,14,Redes,Media,Senior,5.72,0
2070,Viernes,5,Software,Baja,Junior,24.55,1
2071,Lunes,11,Software,Baja,Junior,11.74,1
2072,Domingo,19,Redes,Baja,Junior,14.09,1
2073,Domingo,17,Redes,Media,Semi-Senior,10.01,0
2074,Jueves,13,Hardware,Alta,Semi-Senior,3.99,0
2075,Domingo,1,Acceso,Media,Senior,7.75,0
2076,Lunes,8,Redes,Baja,Semi-Senior,8.74,1
2077,Viernes,4,Hardware,Alta,Junior,11.95,0
2078,Lunes,19,Software,Media,Semi-Senior,9.34,0
2079,Martes,0,Redes,Alta,Semi-Senior,,0
2080,Jueves,22,Redes,Baja,Semi-Senior,9.7,1
2081,Lunes,2,Software,Baja,Senior,14.71,0
2082,Domingo,5,Software,Media,Senior,1.89,0
2083,Miércoles,4,Software,Baja,Semi-Senior,11.1,0
2084,Lunes,20,Software,Media,Junior,13.88,1
2085,Jueves,4,Acceso,Alta,Semi-Senior,7.96,0
2086,Viernes,0,Redes,Alta,Senior,0.5,0
2087,Domingo,16,Software,Alta,Junior,3.14,0
2088,Viernes,18,Software,Media,Senior,3.98,0
2089,Jueves,13,Acceso,Baja,Junior,18.21,1
2090,Domingo,11,Redes,Baja,Semi-Senior,10.51,0
2091,Martes,9,Hardware,Baja,Semi-Senior,16.7,1
2092,Domingo,19,Redes,Media,Semi-Senior,7.67,0
2093,Martes,20,Hardware,Baja,Senior,7.54,0
2094,Viernes,17,Acceso,Baja,Junior,19.25,1
2095,Viernes,23,Software,Media,Junior,39.78,1
2096,Jueves,10,Acceso,Media,Semi-Senior,11.13,0
2097,Martes,1,Redes,Alta,Junior,4.57,0
2098,Viernes,17,Software,Media,Semi-Senior,3.27,0
2099,Martes,6,Redes,Media,Junior,10.16,0
2100,Viernes,23,Hardware,Media,Junior,4.89,1
2101,Domingo,14,Redes,Alta,Semi-Senior,5.14,0
2102,Lunes,10,Acceso,Media,Semi-Senior,5.96,0
2103,Miércoles,17,Acceso,Alta,Junior,4.43,0
2104,Domingo,22,Acceso,Alta,Junior,14.46,0
2105,Sábado,11,Software,Alta,Junior,7.3,0
2106,Lunes,5,Redes,Baja,Semi-Senior,6.76,0
2107,Sábado,19,Software,Baja,Junior,14.03,0
2108,Viernes,22,Redes,Baja,Semi-Senior,9.74,0
2109,Miércoles,12,Hardware,Baja,Semi-Senior,11.96,0
2110,Miércoles,19,Redes,Baja,Semi-Senior,19.47,1
2111,Viernes,15,Redes,Baja,Junior,17.73,1
2112,Viernes,17,Redes,Baja,Semi-Senior,7.97,0
2113,Martes,9,Redes,Media,Senior,2.15,0
2114,Viernes,22,Hardware,Media,Junior,10.11,1
2115,Jueves,7,Software,Baja,Junior,,1
2116,Viernes,17,Acceso,Media,Semi-Senior,9.63,1
2117,Jueves,20,Redes,Media,Junior,,1
2118,Viernes,0,Acceso,Media,Semi-Senior,8.69,0
2119,Martes,22,Acceso,Alta,Senior,3.81,0
2120,Jueves,7,Acceso,Baja,Semi-Senior,13.95,1
2121,Lunes,5,Acceso,Baja,Semi-Senior,14.52,0
2122,Jueves,4,Redes,Baja,Semi-Senior,9.05,0
2123,Domingo,14,Acceso,Baja,Junior,13.21,0
2124,Martes,21,Redes,Media,Junior,,1
2125,Sábado,14,Hardware,Baja,Senior,11.74,0
2126,Jueves,1,Software,Baja,Senior,12.94,0
2127,Domingo,0,Software,Baja,Semi-Senior,10.74,0
2128,Domingo,22,Redes,Baja,Senior,20.2,1
2129,Domingo,22,Redes,Media,Junior,9.89,1
2130,Viernes,10,Software,Media,Junior,,1
2131,Domingo,9,Acceso,Baja,Junior,17.8,1
2132,Viernes,17,Redes,Baja,Junior,12.74,0
2133,Sábado,17,Acceso,Baja,Senior,13.93,0
2134,Martes,16,Redes,Baja,Senior,10.17,1
2135,Miércoles,7,Redes,Alta,Senior,0.5,0
2136,Viernes,14,Hardware,Baja,Semi-Senior,17.44,1
2137,Domingo,7,Hardware,Media,Junior,6.73,0
2138,Domingo,16,Software,Alta,Junior,11.06,0
2139,Lunes,11,Hardware,Baja,Junior,25.56,1
2140,Domingo,7,Hardware,Baja,Semi-Senior,13.89,1
2141,Martes,13,Software,Alta,Semi-Senior,9.69,0
2142,Jueves,3,Acceso,Alta,Senior,8.75,0
2143,Jueves,0,Hardware,Baja,Senior,21.7,0
2144,Domingo,0,Acceso,Media,Junior,7.77,1
2145,Lunes,18,Software,Alta,Junior,15.91,0
2146,Viernes,15,Redes,Baja,Semi-Senior,14.96,0
2147,Martes,13,Acceso,Alta,Junior,8.81,0
2148,Lunes,20,Software,Baja,Semi-Senior,8.94,1
2149,Viernes,15,Acceso,Media,Semi-Senior,6.37,0
2150,Martes,4,Software,Alta,Junior,14.11,0
2151,Domingo,8,Software,Alta,Semi-Senior,6.08,0
2152,Jueves,1,Redes,Baja,Semi-Senior,13.14,0
2153,Martes,17,Acceso,Baja,Senior,10.98,1
2154,Domingo,5,Redes,Media,Junior,10.1,0
2155,Sábado,8,Redes,Media,Senior,6.59,0
2156,Miércoles,0,Acceso,Media,Semi-Senior,7.57,0
2157,Martes,8,Acceso,Alta,Semi-Senior,2.97,0
2158,Miércoles,15,Software,Alta,Junior,6.74,0
2159,Martes,12,Acceso,Baja,Semi-Senior,10.93,1
2160,Miércoles,8,Software,Baja,Semi-Senior,9.64,0
2161,Sábado,20,Software,Baja,Semi-Senior,9.23,0
2162,Jueves,12,Software,Media,Semi-Senior,5.17,0
2163,Viernes,8,Software,Media,Semi-Senior,7.93,0
2164,Miércoles,10,Software,Media,Senior,11.7,0
2165,Sábado,3,Software,Baja,Junior,12.91,1
2166,Miércoles,1,Acceso,Baja,Senior,9.19,1
2167,Jueves,5,Acceso,Baja,Junior,17.41,1
2168,Miércoles,13,Hardware,Media,Senior,6.73,0
2169,Sábado,3,Acceso,Baja,Senior,17.56,0
2170,Domingo,5,Redes,Baja,Junior,19.61,1
2171,Sábado,18,Hardware,Baja,Semi-Senior,14.65,1
2172,Lunes,5,Acceso,Media,Semi-Senior,2.53,0
2173,Jueves,1,Redes,Baja,Junior,24.93,0
2174,Domingo,17,Acceso,Alta,Semi-Senior,4.83,0
2175,Lunes,12,Software,Media,Junior,25.73,1
2176,Jueves,8,Hardware,Media,Senior,1.86,0
2177,Domingo,22,Software,Media,Senior,2.58,0
2178,Miércoles,18,Hardware,Baja,Semi-Senior,21.45,1
2179,Domingo,12,Hardware,Baja,Semi-Senior,10.16,0
2180,Sábado,10,Software,Alta,Semi-Senior,3.39,0
2181,Lunes,0,Hardware,Media,Junior,11.29,0
2182,Miércoles,23,Hardware,Alta,Semi-Senior,3.35,0
2183,Sábado,21,Acceso,Media,Semi-Senior,18.81,0
2184,Jueves,6,Redes,Baja,Senior,13.68,0
2185,Domingo,20,Software,Baja,Semi-Senior,10.55,0
2186,Sábado,14,Acceso,Media,Semi-Senior,14.02,0
2187,Miércoles,0,Acceso,Baja,Semi-Senior,15.58,1
2188,Lunes,11,Software,Baja,Junior,23.8,1
2189,Lunes,6,Hardware,Alta,Semi-Senior,,0
2190,Domingo,14,Software,Baja,Semi-Senior,25.7,1
2191,Sábado,20,Redes,Baja,Junior,14.16,1
2192,Miércoles,18,Redes,Alta,Semi-Senior,0.5,0
2193,Martes,0,Software,Alta,Semi-Senior,12.36,0
2194,Jueves,16,Acceso,Baja,Semi-Senior,11.04,0
2195,Jueves,16,Software,Alta,Semi-Senior,0.61,0
2196,Miércoles,2,Redes,Alta,Semi-Senior,,0
2197,Martes,11,Software,Baja,Semi-Senior,16.46,0
2198,Lunes,5,Hardware,Baja,Senior,16.37,0
2199,Domingo,10,Software,Baja,Junior,21.65,1
2200,Viernes,2,Acceso,Media,Senior,0.77,0
2201,Viernes,7,Hardware,Baja,Semi-Senior,11.2,0
2202,Domingo,13,Redes,Alta,Semi-Senior,,0
2203,Miércoles,13,Software,Media,Semi-Senior,30.35,0
2204,Martes,9,Acceso,Media,Junior,6.63,0
2205,Martes,1,Acceso,Alta,Junior,3.56,0
2206,Jueves,13,Redes,Alta,Semi-Senior,16.81,0
2207,Lunes,8,Software,Baja,Semi-Senior,16.05,0
2208,Sábado,2,Acceso,Baja,Semi-Senior,17.12,0
2209,Martes,20,Hardware,Media,Semi-Senior,,0
2210,Domingo,7,Software,Baja,Junior,20.43,1
2211,Sábado,15,Redes,Baja,Junior,13.3,0
2212,Viernes,1,Hardware,Media,Semi-Senior,1.28,0
2213,Sábado,5,Software,Alta,Junior,13.12,0
2214,Lunes,20,Acceso,Baja,Semi-Senior,10.46,1
2215,Domingo,11,Redes,Media,Junior,8.47,0
2216,Lunes,4,Redes,Baja,Semi-Senior,13.41,0
2217,Sábado,1,Software,Media,Junior,7.48,0
2218,Miércoles,15,Redes,Baja,Junior,19.72,1
2219,Martes,4,Hardware,Alta,Semi-Senior,7.76,0
2220,Domingo,14,Software,Baja,Semi-Senior,20.35,1
2221,Miércoles,11,Hardware,Media,Junior,12.67,0
2222,Sábado,3,Redes,Baja,Senior,8.78,0
2223,Martes,14,Redes,Baja,Junior,17.68,1
2224,Jueves,10,Redes,Baja,Semi-Senior,8.04,0
2225,Miércoles,15,Hardware,Baja,Junior,14.66,1
2226,Miércoles,22,Redes,Baja,Junior,,1
2227,Sábado,5,Software,Baja,Semi-Senior,8.43,1
2228,Viernes,13,Acceso,Media,Junior,9.92,0
2229,Sábado,17,Software,Media,Semi-Senior,20.68,0
2230,Miércoles,11,Acceso,Baja,Junior,15.26,0
2231,Martes,10,Redes,Media,Semi-Senior,9.94,0
2232,Viernes,12,Software,Baja,Junior,17.74,1
2233,Sábado,20,Hardware,Media,Junior,13.24,0
2234,Domingo,22,Acceso,Baja,Junior,11.69,1
2235,Sábado,10,Hardware,Media,Semi-Senior,6.06,0
2236,Miércoles,22,Acceso,Baja,Semi-Senior,13.95,0
2237,Miércoles,15,Redes,Alta,Senior,0.66,0
2238,Jueves,14,Software,Baja,Semi-Senior,8.08,1
2239,Sábado,20,Acceso,Baja,Semi-Senior,12.69,1
2240,Miércoles,14,Software,Baja,Semi-Senior,65.22,1
2241,Domingo,3,Acceso,Alta,Junior,5.26,0
2242,Lunes,10,Acceso,Media,Junior,9.96,1
2243,Viernes,18,Redes,Media,Semi-Senior,15.53,0
2244,Lunes,14,Acceso,Alta,Semi-Senior,10.99,0
2245,Viernes,3,Hardware,Alta,Junior,13.64,0
2246,Domingo,20,Acceso,Media,Semi-Senior,,0
2247,Sábado,12,Acceso,Baja,Semi-Senior,,0
2248,Jueves,21,Acceso,Alta,Semi-Senior,18.07,0
2249,Miércoles,18,Redes,Baja,Junior,20.61,1
2250,Miércoles,1,Software,Media,Semi-Senior,4.33,0
2251,Miércoles,13,Software,Media,Junior,9.64,0
2252,Sábado,3,Redes,Media,Junior,13.7,0
2253,Viernes,15,Hardware,Media,Semi-Senior,8.3,0
2254,Domingo,20,Hardware,Media,Junior,,0
2255,Miércoles,19,Redes,Alta,Junior,8.17,0
2256,Lunes,13,Software,Baja,Junior,10.82,1
2257,Miércoles,14,Hardware,Baja,Semi-Senior,8.73,0
2258,Sábado,2,Redes,Media,Junior,20.83,1
2259,Domingo,7,Software,Alta,Junior,13.36,0
2260,Jueves,15,Hardware,Baja,Semi-Senior,16.36,1
2261,Domingo,9,Hardware,Baja,Semi-Senior,12.24,1
2262,Lunes,3,Redes,Baja,Senior,19.94,0
2263,Miércoles,17,Software,Baja,Junior,15.6,1
2264,Miércoles,1,Hardware,Alta,Junior,13.82,0
2265,Martes,16,Redes,Media,Semi-Senior,4.4,0
2266,Viernes,12,Hardware,Media,Junior,4.79,0
2267,Lunes,3,Software,Media,Senior,1.63,0
2268,Martes,10,Acceso,Media,Semi-Senior,6.22,0
2269,Domingo,6,Hardware,Baja,Junior,,1
2270,Jueves,11,Software,Baja,Semi-Senior,10.25,0
2271,Viernes,9,Hardware,Baja,Junior,16.3,1
2272,Lunes,6,Acceso,Baja,Senior,17.1,1
2273,Miércoles,12,Acceso,Baja,Senior,9.02,0
2274,Domingo,6,Hardware,Baja,Semi-Senior,12.81,1
2275,Lunes,23,Redes,Baja,Junior,16.49,1
2276,Miércoles,16,Hardware,Baja,Junior,18.45,1
2277,Viernes,9,Software,Media,Junior,8.54,0
2278,Miércoles,9,Redes,Baja,Junior,16.99,1
2279,Jueves,23,Software,Alta,Semi-Senior,7.01,0
2280,Domingo,3,Software,Baja,Senior,13.19,0
2281,Sábado,19,Redes,Media,Semi-Senior,0.72,0
2282,Miércoles,3,Acceso,Alta,Semi-Senior,14.58,0
2283,Jueves,21,Software,Alta,Semi-Senior,7.11,0
2284,Sábado,6,Hardware,Alta,Senior,0.5,0
2285,Domingo,21,Acceso,Baja,Junior,13.64,1
2286,Viernes,0,Acceso,Baja,Semi-Senior,9.7,0
2287,Viernes,11,Redes,Baja,Semi-Senior,9.91,1
2288,Domingo,23,Hardware,Baja,Senior,17.01,1
2289,Domingo,12,Hardware,Baja,Senior,17.86,1
2290,Lunes,9,Acceso,Alta,Semi-Senior,8.48,0
2291,Jueves,14,Software,Media,Junior,6.5,1
2292,Jueves,12,Software,Media,Semi-Senior,4.91,0
2293,Domingo,22,Hardware,Alta,Junior,5.36,0
2294,Martes,21,Acceso,Media,Semi-Senior,3.67,0
2295,Martes,21,Acceso,Media,Semi-Senior,4.4,0
2296,Sábado,20,Acceso,Media,Semi-Senior,3.62,0
2297,Sábado,21,Redes,Baja,Senior,7.84,1
2298,Martes,8,Hardware,Baja,Semi-Senior,14.04,1
2299,Domingo,8,Hardware,Alta,Junior,7.16,0
2300,Domingo,14,Software,Alta,Junior,18.3,0
2301,Sábado,9,Software,Alta,Senior,0.5,0
2302,Miércoles,23,Hardware,Baja,Junior,17.23,1
2303,Domingo,9,Hardware,Alta,Junior,6.98,0
2304,Martes,7,Software,Baja,Junior,23.67,1
2305,Jueves,23,Hardware,Baja,Semi-Senior,13.11,0
2306,Domingo,15,Software,Baja,Junior,14.72,1
2307,Domingo,16,Hardware,Baja,Senior,10.35,1
2308,Miércoles,4,Redes,Baja,Senior,,1
2309,Sábado,3,Redes,Baja,Senior,7.67,1
2310,Domingo,17,Acceso,Baja,Junior,28.29,1
2311,Viernes,23,Hardware,Baja,Senior,,0
2312,Lunes,18,Software,Media,Senior,5.63,0
2313,Martes,3,Hardware,Media,Senior,1.97,0
2314,Viernes,6,Hardware,Baja,Semi-Senior,13.62,0
2315,Sábado,9,Acceso,Baja,Semi-Senior,13.94,1
2316,Jueves,17,Software,Media,Junior,17.05,0
2317,Lunes,18,Hardware,Media,Senior,0.5,0
2318,Viernes,3,Software,Baja,Junior,11.67,1
2319,Lunes,9,Hardware,Media,Junior,11.96,0
2320,Martes,0,Acceso,Alta,Senior,4.54,0
2321,Sábado,22,Software,Baja,Semi-Senior,16.82,1
2322,Domingo,17,Hardware,Baja,Junior,15.71,1
2323,Jueves,4,Redes,Baja,Senior,11.32,0
2324,Sábado,14,Software,Media,Senior,10.02,0
2325,Lunes,16,Acceso,Baja,Junior,27.46,1
2326,Viernes,2,Redes,Baja,Senior,6.68,0
2327,Martes,11,Software,Baja,Junior,13.37,1
2328,Martes,1,Software,Alta,Junior,6.32,0
2329,Sábado,0,Software,Media,Junior,9.22,0
2330,Domingo,22,Software,Media,Junior,14.39,1
2331,Viernes,20,Hardware,Alta,Junior,5.37,0
2332,Domingo,16,Hardware,Baja,Junior,12.0,0
2333,Domingo,21,Software,Alta,Senior,0.5,0
2334,Viernes,15,Acceso,Media,Semi-Senior,9.69,0
2335,Lunes,4,Hardware,Baja,Senior,12.21,1
2336,Sábado,14,Software,Alta,Semi-Senior,37.49,0
2337,Sábado,2,Software,Alta,Junior,16.18,0
2338,Miércoles,6,Acceso,Alta,Senior,2.4,0
2339,Sábado,10,Acceso,Baja,Senior,12.05,0
2340,Martes,9,Acceso,Alta,Junior,3.09,0
2341,Lunes,8,Redes,Alta,Junior,6.48,0
2342,Viernes,13,Software,Baja,Semi-Senior,14.08,1
2343,Sábado,12,Acceso,Baja,Semi-Senior,18.91,1
2344,Lunes,1,Software,Baja,Senior,9.79,0
2345,Sábado,2,Hardware,Alta,Junior,10.43,0
2346,Viernes,6,Software,Media,Junior,17.72,1
2347,Jueves,20,Software,Baja,Semi-Senior,10.59,0
2348,Viernes,17,Redes,Baja,Semi-Senior,,0
2349,Viernes,2,Hardware,Baja,Junior,22.22,1
2350,Viernes,9,Hardware,Media,Junior,4.81,0
2351,Sábado,21,Redes,Baja,Semi-Senior,13.33,0
2352,Miércoles,6,Acceso,Alta,Semi-Senior,3.76,0
2353,Viernes,8,Acceso,Media,Junior,19.14,1
2354,Martes,16,Software,Media,Semi-Senior,5.63,1
2355,Martes,10,Redes,Baja,Senior,7.28,0
2356,Lunes,6,Acceso,Baja,Senior,7.5,0
2357,Miércoles,23,Hardware,Baja,Junior,19.77,1
2358,Lunes,13,Redes,Baja,Junior,16.43,0
2359,Martes,18,Acceso,Baja,Senior,8.29,0
2360,Domingo,3,Hardware,Alta,Junior,11.54,0
2361,Martes,5,Redes,Baja,Semi-Senior,14.5,0
2362,Jueves,9,Software,Baja,Semi-Senior,14.25,0
2363,Viernes,6,Software,Baja,Junior,21.78,1
2364,Domingo,12,Hardware,Baja,Semi-Senior,16.37,1
2365,Martes,13,Acceso,Alta,Semi-Senior,14.25,1
2366,Sábado,3,Acceso,Baja,Semi-Senior,19.15,0
2367,Sábado,7,Redes,Baja,Junior,19.07,1
2368,Lunes,4,Hardware,Media,Senior,11.23,0
2369,Domingo,0,Acceso,Baja,Semi-Senior,13.34,0
2370,Lunes,3,Software,Baja,Semi-Senior,15.49,0
2371,Viernes,2,Hardware,Baja,Senior,9.78,0
2372,Viernes,8,Software,Baja,Semi-Senior,12.9,0
2373,Jueves,7,Hardware,Baja,Semi-Senior,10.78,0
2374,Miércoles,0,Redes,Baja,Senior,9.74,0
2375,Lunes,5,Acceso,Alta,Junior,10.64,0
2376,Viernes,8,Acceso,Baja,Semi-Senior,8.0,0
2377,Lunes,6,Acceso,Media,Senior,0.5,0
2378,Viernes,3,Software,Media,Junior,6.34,1
2379,Martes,12,Acceso,Media,Junior,9.64,1
2380,Lunes,16,Hardware,Baja,Senior,16.77,1
2381,Martes,1,Software,Baja,Senior,14.35,0
2382,Lunes,4,Redes,Media,Senior,2.24,0
2383,Miércoles,11,Software,Media,Junior,11.38,0
2384,Jueves,20,Redes,Media,Junior,10.33,0
2385,Sábado,7,Software,Baja,Junior,30.62,1
2386,Sábado,5,Acceso,Alta,Semi-Senior,5.6,0
2387,Sábado,7,Redes,Baja,Semi-Senior,7.32,0
2388,Martes,17,Acceso,Baja,Junior,13.75,1
2389,Domingo,2,Software,Baja,Junior,11.45,0
2390,Viernes,21,Redes,Baja,Semi-Senior,9.9,1
2391,Sábado,11,Hardware,Baja,Semi-Senior,16.97,0
2392,Miércoles,2,Hardware,Media,Junior,12.32,1
2393,Sábado,21,Software,Alta,Senior,1.5,0
2394,Lunes,5,Redes,Alta,Junior,13.7,1
2395,Martes,1,Hardware,Baja,Semi-Senior,13.81,0
2396,Domingo,22,Acceso,Media,Senior,15.2,0
2397,Lunes,11,Acceso,Baja,Semi-Senior,11.4,0
2398,Domingo,1,Software,Baja,Junior,11.86,0
2399,Lunes,5,Acceso,Baja,Junior,17.28,1
2400,Lunes,16,Acceso,Baja,Senior,14.65,1
2401,Jueves,2,Acceso,Baja,Junior,17.44,0
2402,Jueves,1,Hardware,Baja,Semi-Senior,21.41,1
2403,Viernes,22,Redes,Media,Senior,3.86,0
2404,Martes,19,Software,Alta,Senior,0.5,0
2405,Miércoles,7,Redes,Baja,Semi-Senior,9.5,0
2406,Miércoles,21,Redes,Alta,Senior,0.5,0
2407,Miércoles,11,Redes,Media,Senior,6.86,0
2408,Lunes,3,Hardware,Media,Junior,12.19,1
2409,Jueves,4,Acceso,Media,Junior,15.67,0
2410,Martes,12,Software,Baja,Junior,11.11,1
2411,Lunes,14,Redes,Alta,Junior,9.36,1
2412,Domingo,22,Acceso,Media,Senior,1.06,0
2413,Jueves,15,Hardware,Alta,Semi-Senior,0.5,0
2414,Jueves,9,Redes,Media,Senior,8.21,0
2415,Sábado,22,Acceso,Alta,Semi-Senior,13.94,0
2416,Sábado,15,Hardware,Media,Semi-Senior,1.34,0
2417,Martes,11,Acceso,Baja,Semi-Senior,17.3,0
2418,Domingo,16,Software,Baja,Junior,14.27,1
2419,Martes,15,Acceso,Baja,Senior,10.96,1
2420,Martes,11,Acceso,Baja,Semi-Senior,17.22,1
2421,Lunes,7,Software,Baja,Semi-Senior,9.11,0
2422,Viernes,19,Software,Alta,Junior,9.79,0
2423,Martes,2,Acceso,Media,Senior,4.23,0
2424,Sábado,15,Software,Alta,Senior,1.66,0
2425,Viernes,12,Acceso,Alta,Semi-Senior,0.54,0
2426,Lunes,22,Redes,Media,Semi-Senior,12.9,1
2427,Viernes,18,Acceso,Alta,Semi-Senior,8.2,1
2428,Miércoles,7,Hardware,Media,Junior,21.55,1
2429,Domingo,21,Software,Alta,Junior,7.66,0
2430,Viernes,4,Redes,Baja,Semi-Senior,19.57,0
2431,Martes,19,Software,Baja,Junior,17.87,1
2432,Lunes,7,Software,Baja,Semi-Senior,7.54,1
2433,Domingo,23,Software,Media,Semi-Senior,5.47,0
2434,Martes,11,Hardware,Media,Junior,20.9,1
2435,Domingo,0,Hardware,Baja,Junior,20.66,1
2436,Sábado,20,Acceso,Baja,Junior,23.15,1
2437,Miércoles,19,Hardware,Alta,Junior,4.42,0
2438,Sábado,5,Software,Media,Semi-Senior,4.18,0
2439,Martes,21,Redes,Baja,Semi-Senior,11.43,1
2440,Martes,17,Redes,Media,Senior,7.74,0
2441,Martes,7,Redes,Media,Junior,18.78,1
2442,Jueves,6,Software,Alta,Senior,1.02,0
2443,Miércoles,0,Hardware,Baja,Junior,13.66,1
2444,Domingo,20,Redes,Baja,Semi-Senior,11.19,0
2445,Martes,15,Software,Baja,Semi-Senior,7.24,0
2446,Martes,11,Software,Baja,Semi-Senior,11.03,0
2447,Domingo,5,Redes,Alta,Semi-Senior,1.49,0
2448,Sábado,19,Redes,Baja,Junior,19.31,1
2449,Sábado,1,Acceso,Alta,Junior,12.37,0
2450,Martes,13,Acceso,Baja,Senior,12.69,0
2451,Lunes,3,Software,Alta,Junior,7.17,0
2452,Jueves,0,Acceso,Baja,Junior,11.64,1
2453,Sábado,22,Acceso,Alta,Junior,4.64,0
2454,Lunes,17,Redes,Alta,Junior,2.94,0
2455,Jueves,12,Acceso,Alta,Semi-Senior,6.33,0
2456,Martes,1,Software,Baja,Semi-Senior,10.98,0
2457,Miércoles,8,Redes,Baja,Junior,25.98,1
2458,Viernes,20,Acceso,Media,Junior,16.61,0
2459,Viernes,1,Acceso,Baja,Semi-Senior,13.92,1
2460,Martes,8,Acceso,Baja,Semi-Senior,9.97,0
2461,Sábado,0,Hardware,Baja,Senior,19.24,0
2462,Lunes,10,Acceso,Media,Senior,1.61,0
2463,Miércoles,2,Acceso,Media,Senior,2.41,0
2464,Domingo,19,Software,Baja,Semi-Senior,10.37,1
2465,Jueves,22,Acceso,Baja,Semi-Senior,21.12,1
2466,Martes,3,Hardware,Baja,Junior,15.75,0
2467,Miércoles,17,Redes,Media,Semi-Senior,4.27,0
2468,Miércoles,22,Acceso,Baja,Junior,21.48,0
2469,Sábado,5,Acceso,Baja,Senior,9.48,0
2470,Jueves,2,Software,Alta,Semi-Senior,1.53,0
2471,Miércoles,21,Acceso,Alta,Semi-Senior,4.43,0
2472,Sábado,10,Acceso,Alta,Junior,6.65,0
2473,Lunes,14,Acceso,Alta,Semi-Senior,16.34,1
2474,Sábado,21,Acceso,Baja,Junior,14.09,1
2475,Lunes,4,Redes,Media,Junior,5.12,0
2476,Lunes,19,Software,Baja,Junior,28.02,1
2477,Domingo,9,Redes,Media,Junior,12.32,0
2478,Domingo,11,Hardware,Baja,Semi-Senior,16.32,0
2479,Miércoles,14,Acceso,Media,Semi-Senior,12.84,0
2480,Sábado,16,Hardware,Media,Senior,8.24,0
2481,Domingo,9,Redes,Baja,Semi-Senior,15.57,0
2482,Lunes,5,Hardware,Media,Junior,5.23,1
2483,Domingo,17,Acceso,Baja,Senior,17.24,0
2484,Jueves,12,Hardware,Baja,Semi-Senior,11.08,0
2485,Miércoles,2,Redes,Baja,Semi-Senior,30.72,1
2486,Sábado,23,Acceso,Baja,Semi-Senior,29.4,1
2487,Sábado,9,Software,Baja,Senior,10.79,1
2488,Viernes,13,Redes,Alta,Junior,25.46,0
2489,Sábado,5,Acceso,Baja,Junior,17.1,1
2490,Miércoles,2,Software,Baja,Semi-Senior,16.33,0
2491,Jueves,15,Hardware,Baja,Junior,17.8,1
2492,Sábado,6,Hardware,Media,Senior,1.84,0
2493,Viernes,19,Hardware,Media,Semi-Senior,7.78,0
2494,Miércoles,13,Acceso,Media,Semi-Senior,4.58,0
2495,Lunes,8,Hardware,Media,Semi-Senior,,0
2496,Martes,14,Hardware,Alta,Junior,21.71,1
2497,Martes,20,Software,Alta,Senior,5.0,0
2498,Lunes,2,Software,Media,Senior,13.18,0
2499,Domingo,1,Software,Baja,Semi-Senior,13.33,1
2500,Sábado,1,Acceso,Media,Senior,7.0,0
2501,Martes,2,Redes,Media,Junior,15.64,0
2502,Domingo,17,Hardware,Media,Senior,0.5,0
2503,Martes,13,Hardware,Alta,Junior,5.59,0
2504,Lunes,19,Acceso,Media,Junior,17.05,1
2505,Sábado,17,Hardware,Alta,Junior,10.83,0
2506,Sábado,9,Acceso,Baja,Junior,12.11,1
2507,Domingo,1,Acceso,Baja,Junior,23.22,1
2508,Lunes,21,Acceso,Baja,Senior,18.95,1
2509,Domingo,0,Redes,Alta,Senior,0.5,0
2510,Sábado,3,Acceso,Alta,Junior,14.19,0
2511,Sábado,13,Redes,Media,Junior,15.43,0
2512,Miércoles,0,Redes,Media,Senior,,0
2513,Domingo,13,Hardware,Media,Junior,16.74,1
2514,Miércoles,15,Software,Alta,Junior,22.09,1
2515,Lunes,21,Redes,Alta,Semi-Senior,1.36,0
2516,Jueves,13,Redes,Media,Semi-Senior,,0
2517,Martes,19,Software,Media,Junior,21.8,0
2518,Miércoles,2,Redes,Baja,Semi-Senior,10.3,1
2519,Martes,2,Software,Media,Semi-Senior,29.62,0
2520,Viernes,8,Hardware,Baja,Junior,11.31,1
2521,Lunes,5,Acceso,Baja,Senior,5.22,0
2522,Jueves,12,Software,Alta,Semi-Senior,0.5,0
2523,Viernes,20,Acceso,Media,Junior,11.17,0
2524,Viernes,1,Software,Alta,Junior,16.75,0
2525,Sábado,7,Acceso,Baja,Junior,20.04,0
2526,Viernes,20,Hardware,Baja,Semi-Senior,15.38,1
2527,Lunes,1,Redes,Baja,Junior,16.07,1
2528,Miércoles,3,Hardware,Baja,Semi-Senior,7.45,0
2529,Lunes,14,Redes,Baja,Junior,11.88,0
2530,Miércoles,3,Acceso,Baja,Semi-Senior,7.07,0
2531,Viernes,12,Acceso,Baja,Semi-Senior,9.6,0
2532,Viernes,11,Redes,Baja,Semi-Senior,8.65,0
2533,Jueves,12,Software,Baja,Semi-Senior,13.18,0
2534,Miércoles,13,Hardware,Media,Senior,3.26,0
2535,Viernes,19,Software,Baja,Semi-Senior,9.69,1
2536,Sábado,17,Acceso,Media,Junior,9.59,0
2537,Martes,5,Hardware,Media,Semi-Senior,6.28,0
2538,Jueves,10,Hardware,Baja,Senior,5.72,0
2539,Lunes,1,Software,Alta,Junior,7.07,0
2540,Jueves,22,Redes,Media,Junior,7.42,0
2541,Martes,18,Redes,Media,Semi-Senior,3.32,0
2542,Miércoles,18,Hardware,Baja,Semi-Senior,12.91,1
2543,Lunes,4,Redes,Media,Semi-Senior,14.63,0
2544,Lunes,18,Acceso,Alta,Junior,9.02,0
2545,Miércoles,1,Software,Baja,Junior,38.48,1
2546,Domingo,9,Software,Baja,Senior,11.77,0
2547,Domingo,1,Software,Baja,Junior,24.33,1
2548,Jueves,10,Hardware,Media,Junior,6.34,0
2549,Viernes,17,Hardware,Baja,Semi-Senior,8.57,0
2550,Domingo,23,Redes,Media,Senior,5.26,0
2551,Jueves,14,Software,Baja,Semi-Senior,9.97,0
2552,Domingo,8,Acceso,Alta,Senior,9.5,0
2553,Martes,22,Acceso,Baja,Junior,19.25,1
2554,Sábado,18,Software,Baja,Junior,16.98,1
2555,Viernes,8,Hardware,Media,Junior,10.01,0
2556,Jueves,2,Hardware,Baja,Senior,11.52,0
2557,Sábado,20,Hardware,Baja,Semi-Senior,10.74,0
2558,Sábado,8,Acceso,Baja,Junior,13.34,1
2559,Domingo,13,Software,Media,Semi-Senior,10.44,0
2560,Miércoles,18,Acceso,Alta,Junior,5.25,0
2561,Martes,6,Software,Alta,Semi-Senior,6.03,0
2562,Martes,15,Acceso,Baja,Senior,27.0,1
2563,Martes,15,Acceso,Baja,Junior,26.36,1
2564,Viernes,0,Redes,Media,Junior,8.14,0
2565,Lunes,3,Acceso,Media,Junior,8.97,0
2566,Viernes,3,Software,Baja,Junior,28.72,1
2567,Jueves,6,Acceso,Baja,Junior,16.15,1
2568,Sábado,7,Redes,Baja,Semi-Senior,21.17,0
2569,Sábado,16,Redes,Media,Junior,10.79,0
2570,Lunes,4,Software,Baja,Senior,12.71,0
2571,Jueves,6,Redes,Alta,Junior,8.48,1
2572,Lunes,19,Redes,Baja,Junior,17.37,1
2573,Sábado,19,Hardware,Baja,Junior,29.17,1
2574,Domingo,3,Software,Baja,Semi-Senior,6.48,1
2575,Viernes,5,Redes,Baja,Semi-Senior,16.87,0
2576,Martes,6,Redes,Baja,Senior,11.5,1
2577,Sábado,17,Redes,Baja,Semi-Senior,21.29,1
2578,Miércoles,4,Software,Baja,Senior,12.05,0
2579,Martes,19,Hardware,Baja,Semi-Senior,16.23,1
2580,Sábado,2,Acceso,Baja,Junior,16.44,1
2581,Viernes,6,Hardware,Alta,Senior,24.74,0
2582,Lunes,21,Software,Media,Senior,0.98,0
2583,Domingo,13,Software,Media,Senior,,0
2584,Domingo,6,Software,Baja,Junior,20.81,1
2585,Martes,4,Acceso,Baja,Semi-Senior,9.93,1
2586,Viernes,21,Software,Baja,Junior,13.53,1
2587,Domingo,4,Hardware,Media,Junior,10.47,0
2588,Domingo,22,Redes,Baja,Semi-Senior,10.66,0
2589,Jueves,1,Redes,Baja,Senior,11.08,0
2590,Miércoles,20,Software,Media,Semi-Senior,8.57,0
2591,Martes,21,Software,Baja,Senior,7.48,0
2592,Lunes,5,Acceso,Baja,Junior,,0
2593,Domingo,14,Redes,Baja,Junior,14.81,1
2594,Jueves,20,Acceso,Media,Semi-Senior,6.22,0
2595,Viernes,9,Acceso,Media,Junior,4.5,0
2596,Domingo,22,Acceso,Baja,Senior,24.81,0
2597,Miércoles,23,Acceso,Baja,Junior,14.36,1
2598,Lunes,6,Hardware,Media,Semi-Senior,3.34,0
2599,Viernes,4,Software,Baja,Semi-Senior,6.93,0
2600,Viernes,0,Software,Media,Junior,,0
2601,Martes,12,Acceso,Media,Senior,1.34,0
2602,Domingo,20,Acceso,Baja,Semi-Senior,20.89,0
2603,Martes,17,Hardware,Baja,Semi-Senior,11.88,1
2604,Lunes,12,Acceso,Media,Senior,3.29,0
2605,Domingo,20,Hardware,Baja,Junior,14.2,1
2606,Sábado,20,Hardware,Baja,Senior,6.94,0
2607,Domingo,17,Acceso,Media,Junior,8.88,1
2608,Sábado,4,Software,Baja,Junior,25.62,1
2609,Viernes,12,Hardware,Baja,Senior,6.64,0
2610,Martes,3,Software,Baja,Senior,7.24,0
2611,Miércoles,16,Software,Media,Junior,5.79,0
2612,Domingo,2,Hardware,Baja,Semi-Senior,10.78,0
2613,Miércoles,16,Redes,Alta,Senior,5.69,0
2614,Domingo,10,Hardware,Media,Junior,8.58,0
2615,Viernes,20,Redes,Baja,Junior,18.84,1
2616,Martes,19,Hardware,Baja,Semi-Senior,23.58,1
2617,Lunes,22,Hardware,Baja,Junior,16.18,1
2618,Lunes,20,Software,Media,Junior,,1
2619,Lunes,3,Software,Alta,Senior,6.13,0
2620,Domingo,1,Acceso,Media,Junior,8.49,0
2621,Domingo,19,Software,Baja,Senior,5.04,0
2622,Miércoles,15,Software,Media,Semi-Senior,13.26,0
2623,Martes,17,Software,Baja,Semi-Senior,14.87,1
2624,Domingo,7,Software,Media,Semi-Senior,9.74,0
2625,Martes,2,Acceso,Media,Semi-Senior,18.32,0
2626,Miércoles,8,Software,Baja,Junior,26.31,1
2627,Domingo,19,Redes,Baja,Junior,12.33,0
2628,Lunes,5,Redes,Media,Semi-Senior,5.38,0
2629,Lunes,9,Acceso,Media,Junior,5.06,0
2630,Viernes,20,Software,Baja,Junior,11.64,1
2631,Sábado,9,Redes,Baja,Senior,13.07,0
2632,Jueves,12,Hardware,Media,Senior,20.87,0
2633,Sábado,16,Redes,Baja,Junior,19.7,1
2634,Domingo,8,Software,Baja,Junior,11.3,1
2635,Martes,16,Redes,Baja,Semi-Senior,6.43,1
2636,Domingo,23,Hardware,Baja,Senior,8.37,0
2637,Martes,8,Redes,Media,Junior,,0
2638,Martes,8,Software,Alta,Junior,6.33,0
2639,Sábado,0,Hardware,Media,Senior,5.9,0
2640,Jueves,1,Acceso,Baja,Senior,9.53,1
2641,Viernes,15,Hardware,Media,Semi-Senior,1.86,0
2642,Sábado,0,Redes,Baja,Junior,11.89,0
2643,Jueves,9,Acceso,Baja,Semi-Senior,21.11,0
2644,Lunes,17,Hardware,Alta,Semi-Senior,8.28,0
2645,Lunes,7,Hardware,Baja,Junior,17.03,1
2646,Martes,20,Hardware,Alta,Junior,11.67,1
2647,Miércoles,10,Software,Baja,Junior,18.41,1
2648,Domingo,22,Acceso,Media,Semi-Senior,8.11,0
2649,Domingo,1,Acceso,Baja,Semi-Senior,9.97,0
2650,Martes,7,Hardware,Baja,Senior,8.75,0
2651,Miércoles,21,Acceso,Baja,Semi-Senior,9.6,0
2652,Jueves,7,Redes,Alta,Senior,0.5,0
2653,Lunes,16,Redes,Media,Senior,3.5,0
2654,Domingo,14,Hardware,Alta,Junior,9.35,0
2655,Sábado,16,Redes,Media,Junior,20.98,1
2656,Miércoles,22,Hardware,Alta,Semi-Senior,5.29,0
2657,Jueves,23,Redes,Baja,Junior,11.03,1
2658,Lunes,12,Hardware,Baja,Senior,9.12,0
2659,Sábado,18,Hardware,Media,Junior,8.83,0
2660,Miércoles,4,Acceso,Media,Junior,8.87,0
2661,Martes,11,Acceso,Media,Semi-Senior,,0
2662,Martes,0,Hardware,Baja,Semi-Senior,,0
2663,Martes,22,Acceso,Baja,Semi-Senior,13.78,1
2664,Domingo,4,Acceso,Alta,Semi-Senior,,0
2665,Jueves,7,Software,Media,Junior,14.06,1
2666,Martes,12,Redes,Baja,Junior,22.0,1
2667,Domingo,7,Acceso,Media,Senior,16.45,0
2668,Viernes,22,Hardware,Alta,Junior,4.47,0
2669,Domingo,10,Software,Baja,Junior,12.63,1
2670,Lunes,0,Software,Alta,Semi-Senior,15.57,0
2671,Domingo,12,Acceso,Alta,Junior,12.17,0
2672,Jueves,18,Hardware,Alta,Semi-Senior,5.25,0
2673,Sábado,23,Hardware,Alta,Semi-Senior,6.12,0
2674,Domingo,2,Hardware,Media,Semi-Senior,5.19,0
2675,Martes,23,Hardware,Baja,Semi-Senior,8.46,1
2676,Lunes,16,Hardware,Baja,Junior,12.8,1
2677,Miércoles,4,Redes,Baja,Semi-Senior,10.89,0
2678,Martes,19,Hardware,Baja,Junior,16.81,1
2679,Lunes,20,Hardware,Baja,Junior,18.36,1
2680,Viernes,7,Redes,Baja,Semi-Senior,10.01,0
2681,Miércoles,13,Acceso,Baja,Junior,16.12,1
2682,Viernes,3,Software,Baja,Semi-Senior,21.06,1
2683,Sábado,10,Redes,Alta,Semi-Senior,1.96,0
2684,Lunes,19,Software,Baja,Senior,26.37,1
2685,Viernes,14,Software,Media,Semi-Senior,14.47,1
2686,Sábado,18,Redes,Media,Junior,14.06,0
2687,Lunes,6,Hardware,Baja,Junior,12.81,0
2688,Lunes,18,Software,Alta,Junior,6.67,0
2689,Viernes,18,Hardware,Media,Junior,18.4,0
2690,Lunes,10,Acceso,Baja,Junior,27.55,1
2691,Martes,4,Redes,Baja,Junior,14.36,1
2692,Lunes,4,Software,Baja,Semi-Senior,16.76,1
2693,Jueves,21,Hardware,Baja,Semi-Senior,15.53,0
2694,Sábado,7,Software,Baja,Semi-Senior,12.51,1
2695,Lunes,9,Acceso,Media,Semi-Senior,18.09,1
2696,Jueves,5,Acceso,Alta,Semi-Senior,4.07,0
2697,Lunes,14,Software,Media,Semi-Senior,5.99,1
2698,Lunes,15,Redes,Baja,Semi-Senior,6.69,1
2699,Viernes,16,Acceso,Baja,Junior,23.76,1
2700,Martes,7,Hardware,Baja,Semi-Senior,11.78,1
2701,Sábado,7,Acceso,Baja,Semi-Senior,11.07,1
2702,Martes,8,Hardware,Baja,Junior,13.24,1
2703,Miércoles,1,Software,Alta,Junior,34.89,0
2704,Viernes,14,Hardware,Baja,Junior,28.64,1
2705,Viernes,17,Software,Alta,Semi-Senior,9.18,0
2706,Martes,2,Acceso,Baja,Semi-Senior,12.91,1
2707,Domingo,16,Redes,Alta,Junior,,1
2708,Viernes,3,Acceso,Media,Junior,6.85,0
2709,Martes,3,Acceso,Media,Senior,5.62,0
2710,Viernes,13,Acceso,Baja,Junior,12.04,1
2711,Lunes,8,Acceso,Alta,Junior,11.13,0
2712,Martes,8,Redes,Alta,Junior,9.13,0
2713,Martes,22,Acceso,Media,Semi-Senior,7.33,1
2714,Jueves,17,Hardware,Media,Semi-Senior,18.45,0
2715,Viernes,9,Redes,Media,Semi-Senior,3.97,0
2716,Viernes,20,Redes,Baja,Senior,5.95,1
2717,Martes,3,Hardware,Media,Semi-Senior,2.7,0
2718,Lunes,11,Software,Alta,Junior,4.61,0
2719,Lunes,7,Acceso,Baja,Semi-Senior,32.9,1
2720,Sábado,1,Redes,Baja,Junior,14.15,0
2721,Lunes,21,Acceso,Baja,Semi-Senior,21.09,1
2722,Viernes,12,Acceso,Media,Junior,8.7,1
2723,Domingo,20,Hardware,Baja,Semi-Senior,12.75,1
2724,Jueves,15,Hardware,Baja,Junior,13.63,1
2725,Martes,1,Hardware,Baja,Senior,16.84,1
2726,Miércoles,10,Acceso,Media,Junior,5.28,0
2727,Jueves,9,Redes,Baja,Semi-Senior,11.11,0
2728,Domingo,14,Redes,Media,Junior,18.57,1
2729,Miércoles,16,Software,Baja,Senior,6.93,0
2730,Jueves,7,Acceso,Media,Semi-Senior,2.26,0
2731,Lunes,17,Software,Alta,Junior,9.57,0
2732,Viernes,22,Software,Baja,Senior,7.27,0
2733,Domingo,8,Software,Baja,Junior,22.87,1
2734,Miércoles,7,Software,Alta,Semi-Senior,5.14,0
2735,Domingo,13,Software,Baja,Semi-Senior,23.61,1
2736,Jueves,17,Acceso,Baja,Junior,14.78,0
2737,Viernes,21,Hardware,Alta,Senior,5.36,0
2738,Domingo,19,Software,Alta,Junior,7.76,0
2739,Miércoles,19,Redes,Media,Junior,7.0,1
2740,Martes,20,Acceso,Baja,Senior,16.7,0
2741,Jueves,11,Software,Baja,Semi-Senior,10.76,0
2742,Martes,18,Redes,Baja,Junior,11.49,1
2743,Lunes,13,Software,Media,Junior,11.63,0
2744,Martes,16,Hardware,Media,Semi-Senior,3.84,0
2745,Martes,23,Acceso,Alta,Junior,4.3,0
2746,Sábado,20,Hardware,Baja,Senior,10.78,1
2747,Jueves,2,Redes,Media,Semi-Senior,6.01,0
2748,Lunes,22,Software,Baja,Junior,14.1,1
2749,Martes,6,Hardware,Baja,Junior,17.28,1
2750,Viernes,16,Hardware,Media,Semi-Senior,6.54,0
2751,Miércoles,11,Software,Baja,Junior,30.4,1
2752,Martes,8,Acceso,Media,Semi-Senior,,0
2753,Lunes,14,Redes,Media,Senior,7.84,0
2754,Martes,17,Acceso,Alta,Semi-Senior,,0
2755,Miércoles,20,Redes,Media,Semi-Senior,8.33,0
2756,Lunes,12,Redes,Alta,Junior,8.24,0
2757,Jueves,20,Hardware,Media,Semi-Senior,2.76,0
2758,Lunes,7,Software,Baja,Semi-Senior,8.98,1
2759,Jueves,13,Acceso,Baja,Semi-Senior,11.48,0
2760,Lunes,7,Hardware,Media,Junior,16.22,0
2761,Domingo,13,Hardware,Media,Senior,3.1,0
2762,Miércoles,6,Hardware,Media,Junior,10.51,0
2763,Miércoles,22,Acceso,Baja,Semi-Senior,7.88,1
2764,Lunes,11,Hardware,Baja,Semi-Senior,18.47,1
2765,Domingo,10,Software,Baja,Semi-Senior,8.13,0
2766,Martes,21,Hardware,Media,Junior,11.17,1
2767,Miércoles,21,Hardware,Media,Semi-Senior,4.64,0
2768,Jueves,10,Redes,Media,Junior,9.42,1
2769,Jueves,21,Hardware,Baja,Semi-Senior,18.15,0
2770,Viernes,12,Acceso,Baja,Junior,14.38,1
2771,Sábado,17,Acceso,Media,Junior,6.93,0
2772,Domingo,1,Software,Media,Junior,20.34,1
2773,Sábado,20,Acceso,Baja,Senior,,0
2774,Sábado,14,Acceso,Media,Semi-Senior,6.45,0
2775,Jueves,19,Hardware,Baja,Semi-Senior,11.14,0
2776,Viernes,17,Software,Media,Semi-Senior,4.84,0
2777,Sábado,14,Acceso,Alta,Senior,3.82,0
2778,Sábado,18,Software,Media,Junior,9.24,0
2779,Lunes,22,Software,Media,Semi-Senior,5.86,0
2780,Lunes,23,Redes,Baja,Semi-Senior,10.83,1
2781,Lunes,11,Redes,Media,Junior,8.96,1
2782,Martes,12,Hardware,Media,Junior,14.96,0
2783,Sábado,21,Acceso,Media,Junior,20.1,1
2784,Martes,10,Hardware,Media,Junior,9.81,0
2785,Viernes,4,Hardware,Baja,Junior,15.7,0
2786,Domingo,0,Software,Alta,Junior,17.31,0
2787,Jueves,23,Software,Media,Semi-Senior,4.4,0
2788,Sábado,2,Software,Baja,Junior,16.91,0
2789,Jueves,21,Hardware,Media,Junior,10.66,1
2790,Domingo,18,Acceso,Baja,Senior,7.24,0
2791,Lunes,22,Hardware,Baja,Semi-Senior,11.03,1
2792,Sábado,6,Hardware,Baja,Junior,11.08,1
2793,Miércoles,11,Hardware,Media,Semi-Senior,6.37,0
2794,Martes,14,Redes,Alta,Junior,5.67,0
2795,Martes,4,Redes,Media,Junior,7.84,0
2796,Sábado,14,Acceso,Media,Junior,16.05,1
2797,Domingo,7,Redes,Baja,Senior,16.82,0
2798,Lunes,9,Hardware,Baja,Semi-Senior,10.62,0
2799,Martes,15,Redes,Baja,Semi-Senior,8.72,0
2800,Lunes,7,Redes,Media,Senior,8.59,0
2801,Viernes,0,Hardware,Alta,Senior,0.5,0
2802,Jueves,11,Acceso,Baja,Semi-Senior,11.45,0
2803,Domingo,4,Redes,Media,Semi-Senior,0.5,0
2804,Miércoles,2,Hardware,Alta,Junior,8.26,0
2805,Jueves,0,Hardware,Baja,Junior,21.21,0
2806,Jueves,3,Hardware,Media,Semi-Senior,11.13,0
2807,Viernes,7,Software,Media,Semi-Senior,15.85,0
2808,Martes,2,Hardware,Media,Senior,0.79,0
2809,Miércoles,9,Redes,Baja,Semi-Senior,7.28,0
2810,Martes,1,Redes,Media,Semi-Senior,2.17,0
2811,Sábado,10,Hardware,Media,Semi-Senior,,0
2812,Jueves,9,Software,Baja,Junior,20.23,1
2813,Sábado,20,Software,Media,Semi-Senior,9.48,0
2814,Lunes,13,Software,Baja,Semi-Senior,19.04,1
2815,Jueves,6,Redes,Alta,Semi-Senior,0.99,0
2816,Martes,1,Software,Media,Semi-Senior,10.79,1
2817,Jueves,8,Acceso,Alta,Junior,13.82,0
2818,Lunes,15,Acceso,Baja,Semi-Senior,18.39,0
2819,Viernes,12,Software,Baja,Semi-Senior,11.53,1
2820,Sábado,8,Acceso,Baja,Semi-Senior,9.67,1
2821,Sábado,19,Hardware,Baja,Semi-Senior,17.89,1
2822,Martes,3,Software,Baja,Junior,11.63,0
2823,Jueves,21,Software,Media,Junior,5.3,1
2824,Martes,9,Software,Baja,Junior,18.34,0
2825,Viernes,21,Hardware,Media,Semi-Senior,2.8,0
2826,Jueves,11,Hardware,Baja,Semi-Senior,10.78,0
2827,Jueves,16,Software,Media,Senior,8.19,0
2828,Martes,13,Redes,Media,Junior,6.85,0
2829,Martes,13,Redes,Media,Junior,8.59,1
2830,Lunes,1,Acceso,Alta,Semi-Senior,7.78,0
2831,Domingo,20,Hardware,Baja,Semi-Senior,14.31,0
2832,Domingo,19,Acceso,Baja,Semi-Senior,17.84,1
2833,Viernes,10,Acceso,Baja,Senior,8.92,0
2834,Domingo,15,Software,Baja,Senior,13.25,0
2835,Lunes,18,Redes,Media,Junior,6.64,1
2836,Sábado,22,Acceso,Baja,Senior,16.25,1
2837,Jueves,5,Software,Media,Junior,11.73,0
2838,Martes,23,Hardware,Baja,Semi-Senior,28.93,1
2839,Jueves,18,Acceso,Alta,Semi-Senior,2.91,0
2840,Jueves,4,Redes,Alta,Semi-Senior,12.64,0
2841,Miércoles,3,Hardware,Baja,Junior,21.76,1
2842,Sábado,14,Software,Baja,Junior,24.35,1
2843,Miércoles,3,Hardware,Alta,Semi-Senior,,0
2844,Domingo,19,Acceso,Alta,Junior,9.79,0
2845,Jueves,9,Hardware,Baja,Junior,13.27,0
2846,Martes,23,Hardware,Baja,Semi-Senior,8.68,1
2847,Jueves,21,Hardware,Alta,Semi-Senior,1.29,0
2848,Sábado,2,Redes,Media,Semi-Senior,4.44,0
2849,Miércoles,4,Acceso,Baja,Junior,13.63,1
2850,Martes,5,Software,Media,Senior,0.5,0
2851,Jueves,20,Redes,Alta,Junior,11.4,0
2852,Viernes,21,Acceso,Alta,Senior,4.8,0
2853,Sábado,7,Software,Media,Semi-Senior,4.82,0
2854,Sábado,6,Software,Media,Semi-Senior,5.79,1
2855,Viernes,20,Software,Baja,Senior,11.07,0
2856,Jueves,9,Acceso,Alta,Junior,5.19,0
2857,Sábado,5,Software,Baja,Junior,15.99,1
2858,Martes,13,Software,Alta,Semi-Senior,10.58,0
2859,Jueves,3,Redes,Baja,Junior,12.22,1
2860,Jueves,12,Software,Alta,Semi-Senior,10.01,0
2861,Miércoles,19,Hardware,Baja,Junior,28.82,1
2862,Sábado,16,Redes,Media,Senior,10.77,0
2863,Sábado,22,Redes,Baja,Semi-Senior,9.58,1
2864,Viernes,6,Acceso,Media,Junior,13.66,1
2865,Miércoles,3,Software,Alta,Senior,0.5,0
2866,Domingo,13,Hardware,Media,Junior,10.84,0
2867,Miércoles,2,Hardware,Media,Junior,19.38,0
2868,Sábado,23,Software,Baja,Junior,21.13,1
2869,Jueves,4,Software,Alta,Semi-Senior,0.5,0
2870,Miércoles,15,Acceso,Media,Semi-Senior,4.69,0
2871,Viernes,22,Hardware,Media,Semi-Senior,11.32,0
2872,Miércoles,19,Redes,Media,Junior,7.38,1
2873,Viernes,3,Acceso,Media,Senior,0.5,0
2874,Domingo,23,Acceso,Baja,Semi-Senior,10.81,1
2875,Miércoles,23,Redes,Media,Junior,15.21,1
2876,Viernes,1,Acceso,Media,Semi-Senior,10.08,0
2877,Miércoles,17,Software,Alta,Semi-Senior,5.65,0
2878,Domingo,18,Redes,Alta,Junior,11.57,1
2879,Miércoles,18,Redes,Baja,Junior,16.07,1
2880,Martes,16,Hardware,Baja,Junior,14.41,1
2881,Viernes,13,Redes,Baja,Senior,5.12,0
2882,Domingo,18,Acceso,Baja,Semi-Senior,7.41,0
2883,Viernes,21,Hardware,Media,Junior,17.37,1
2884,Viernes,23,Acceso,Alta,Junior,13.74,1
2885,Lunes,12,Software,Baja,Semi-Senior,16.11,0
2886,Domingo,11,Software,Baja,Semi-Senior,13.15,0
2887,Miércoles,5,Hardware,Alta,Semi-Senior,7.62,0
2888,Viernes,20,Hardware,Alta,Senior,0.5,0
2889,Sábado,3,Acceso,Media,Semi-Senior,4.31,0
2890,Lunes,18,Software,Media,Semi-Senior,6.79,0
2891,Martes,15,Hardware,Media,Junior,8.82,0
2892,Viernes,12,Software,Baja,Senior,,0
2893,Viernes,3,Software,Baja,Junior,29.32,1
2894,Lunes,22,Software,Baja,Junior,17.8,1
2895,Miércoles,16,Acceso,Baja,Semi-Senior,10.84,0
2896,Sábado,22,Acceso,Alta,Junior,12.1,0
2897,Martes,0,Software,Media,Junior,17.14,1
2898,Viernes,17,Software,Baja,Semi-Senior,8.29,0
2899,Miércoles,19,Software,Baja,Junior,12.7,1
2900,Domingo,16,Redes,Baja,Junior,22.64,1
2901,Sábado,14,Redes,Media,Semi-Senior,19.18,1
2902,Domingo,10,Acceso,Alta,Semi-Senior,9.09,0
2903,Sábado,21,Software,Baja,Junior,15.8,1
2904,Martes,12,Redes,Baja,Senior,15.55,0
2905,Jueves,0,Hardware,Media,Junior,,1
2906,Sábado,16,Hardware,Media,Semi-Senior,,0
2907,Jueves,5,Software,Baja,Junior,,1
2908,Domingo,3,Redes,Media,Semi-Senior,1.85,0
2909,Sábado,19,Hardware,Media,Junior,14.71,0
2910,Martes,15,Acceso,Baja,Junior,16.01,0
2911,Lunes,14,Hardware,Baja,Junior,19.25,1
2912,Martes,14,Acceso,Baja,Semi-Senior,12.89,0
2913,Martes,5,Hardware,Alta,Semi-Senior,2.93,0
2914,Lunes,14,Hardware,Alta,Junior,2.85,0
2915,Lunes,13,Redes,Alta,Senior,0.5,0
2916,Miércoles,10,Hardware,Media,Junior,31.13,1
2917,Sábado,6,Hardware,Media,Semi-Senior,12.48,1
2918,Domingo,8,Acceso,Media,Junior,5.38,0
2919,Miércoles,15,Acceso,Alta,Semi-Senior,0.5,0
2920,Lunes,4,Hardware,Baja,Semi-Senior,19.95,1
2921,Jueves,19,Software,Media,Semi-Senior,16.6,1
2922,Domingo,9,Hardware,Media,Junior,26.39,1
2923,Jueves,17,Hardware,Media,Junior,6.22,1
2924,Martes,2,Redes,Baja,Semi-Senior,20.54,1
2925,Viernes,12,Hardware,Media,Junior,15.03,0
2926,Martes,10,Hardware,Media,Junior,6.51,0
2927,Martes,16,Acceso,Baja,Junior,11.06,1
2928,Viernes,21,Acceso,Media,Junior,,0
2929,Sábado,12,Acceso,Baja,Junior,15.67,1
2930,Lunes,5,Acceso,Alta,Senior,2.49,0
2931,Jueves,16,Hardware,Media,Semi-Senior,,0
2932,Martes,12,Software,Media,Semi-Senior,4.88,0
2933,Viernes,18,Redes,Baja,Junior,16.06,1
2934,Miércoles,20,Redes,Baja,Semi-Senior,11.47,1
2935,Martes,18,Software,Media,Semi-Senior,18.25,0
2936,Jueves,9,Software,Baja,Semi-Senior,8.63,0
2937,Lunes,2,Redes,Media,Junior,8.29,0
2938,Martes,13,Hardware,Baja,Senior,12.92,0
2939,Martes,18,Redes,Alta,Semi-Senior,4.15,0
2940,Sábado,4,Software,Media,Senior,9.71,0
2941,Viernes,4,Hardware,Baja,Junior,11.56,0
2942,Miércoles,19,Redes,Media,Junior,7.29,1
2943,Miércoles,16,Hardware,Alta,Junior,9.12,0
2944,Domingo,20,Hardware,Media,Semi-Senior,5.61,0
2945,Lunes,9,Software,Baja,Junior,,1
2946,Domingo,4,Acceso,Media,Senior,7.93,0
2947,Jueves,3,Redes,Baja,Senior,14.38,0
2948,Lunes,5,Software,Baja,Semi-Senior,15.05,1
2949,Martes,3,Redes,Baja,Semi-Senior,7.76,0
2950,Martes,6,Acceso,Media,Semi-Senior,15.05,0
2951,Miércoles,6,Acceso,Baja,Semi-Senior,7.31,0
2952,Jueves,17,Acceso,Alta,Junior,4.01,0
2953,Viernes,2,Acceso,Baja,Semi-Senior,12.12,0
2954,Jueves,0,Redes,Baja,Senior,5.87,0
2955,Martes,23,Hardware,Baja,Junior,,0
2956,Viernes,3,Hardware,Baja,Senior,7.8,0
2957,Jueves,5,Acceso,Media,Junior,4.52,0
2958,Jueves,8,Acceso,Baja,Junior,17.19,0
2959,Viernes,21,Hardware,Baja,Junior,23.22,1
2960,Martes,13,Software,Baja,Junior,29.14,1
2961,Jueves,11,Acceso,Baja,Senior,12.48,1
2962,Viernes,19,Hardware,Baja,Senior,9.22,0
2963,Sábado,23,Software,Media,Semi-Senior,10.25,0
2964,Sábado,3,Hardware,Media,Senior,4.71,0
2965,Martes,20,Software,Media,Junior,18.16,1
2966,Viernes,23,Redes,Media,Junior,8.44,1
2967,Sábado,11,Software,Media,Semi-Senior,7.4,0
2968,Viernes,9,Acceso,Alta,Senior,6.52,0
2969,Jueves,21,Software,Baja,Junior,23.88,1
2970,Martes,6,Software,Baja,Senior,7.35,1
2971,Sábado,2,Acceso,Baja,Semi-Senior,12.46,0
2972,Domingo,22,Redes,Baja,Senior,9.84,0
2973,Jueves,13,Software,Baja,Junior,30.9,1
2974,Domingo,23,Redes,Media,Semi-Senior,1.88,0
2975,Domingo,9,Hardware,Baja,Semi-Senior,10.63,0
2976,Lunes,15,Hardware,Alta,Semi-Senior,5.55,0
2977,Lunes,15,Acceso,Baja,Junior,14.61,1
2978,Martes,21,Redes,Baja,Senior,11.49,0
2979,Sábado,9,Acceso,Alta,Senior,1.44,0
2980,Sábado,12,Acceso,Alta,Junior,6.26,0
2981,Sábado,5,Software,Baja,Junior,16.28,1
2982,Viernes,11,Hardware,Media,Semi-Senior,9.47,0
2983,Jueves,8,Acceso,Alta,Semi-Senior,1.58,0
2984,Sábado,12,Software,Baja,Semi-Senior,,0
2985,Jueves,3,Software,Baja,Junior,16.42,1
2986,Martes,23,Redes,Alta,Semi-Senior,0.93,0
2987,Domingo,10,Hardware,Media,Semi-Senior,6.94,0
2988,Sábado,19,Redes,Baja,Junior,14.57,1
2989,Martes,17,Redes,Media,Semi-Senior,3.2,0
2990,Sábado,10,Acceso,Baja,Junior,15.67,1
2991,Lunes,20,Redes,Alta,Junior,8.69,0
2992,Miércoles,3,Acceso,Baja,Semi-Senior,16.76,0
2993,Martes,17,Redes,Alta,Senior,3.57,0
2994,Sábado,0,Software,Media,Junior,5.09,0
2995,Miércoles,6,Hardware,Baja,Junior,14.35,1
2996,Martes,5,Hardware,Baja,Junior,16.43,1
2997,Viernes,14,Hardware,Media,Junior,8.67,0
2998,Sábado,17,Software,Alta,Semi-Senior,9.77,0
2999,Viernes,23,Software,Baja,Semi-Senior,20.53,1
3000,Lunes,10,Redes,Baja,Junior,11.32,1
3001,Sábado,19,Redes,Media,Senior,5.99,0
3002,Domingo,23,Redes,Media,Junior,6.4,0
3003,Lunes,14,Redes,Baja,Senior,18.31,1
3004,Miércoles,15,Hardware,Media,Senior,0.96,0
3005,Martes,6,Redes,Media,Semi-Senior,2.64,0
3006,Jueves,20,Software,Baja,Junior,22.4,1
3007,Lunes,9,Software,Baja,Semi-Senior,15.66,1
3008,Jueves,11,Software,Baja,Semi-Senior,15.28,0
3009,Jueves,23,Acceso,Media,Senior,7.92,0
3010,Martes,13,Acceso,Media,Semi-Senior,3.77,1
3011,Miércoles,4,Acceso,Media,Semi-Senior,5.45,0
3012,Martes,20,Redes,Baja,Senior,18.21,1
3013,Sábado,17,Hardware,Baja,Senior,24.02,1
3014,Lunes,4,Hardware,Alta,Semi-Senior,3.37,0
3015,Jueves,2,Redes,Baja,Senior,7.86,1
3016,Martes,22,Redes,Media,Semi-Senior,16.16,1
3017,Martes,4,Acceso,Media,Semi-Senior,9.16,0
3018,Martes,23,Software,Baja,Semi-Senior,12.82,0
3019,Lunes,16,Software,Baja,Semi-Senior,13.16,1
3020,Miércoles,18,Acceso,Baja,Junior,16.67,1
3021,Domingo,18,Acceso,Baja,Semi-Senior,23.55,0
3022,Martes,20,Hardware,Media,Semi-Senior,,1
3023,Lunes,11,Acceso,Baja,Junior,14.08,1
3024,Jueves,8,Software,Baja,Junior,31.96,1
3025,Sábado,0,Software,Media,Semi-Senior,3.59,0
3026,Domingo,17,Redes,Baja,Semi-Senior,12.07,1
3027,Viernes,20,Hardware,Media,Junior,14.79,0
3028,Domingo,3,Redes,Baja,Senior,15.72,0
3029,Domingo,9,Hardware,Baja,Senior,,0
3030,Lunes,6,Redes,Baja,Semi-Senior,12.87,1
3031,Viernes,21,Hardware,Baja,Junior,14.72,1
3032,Martes,22,Acceso,Alta,Senior,20.48,0
3033,Martes,0,Software,Media,Senior,2.06,0
3034,Domingo,16,Acceso,Baja,Junior,22.32,1
3035,Lunes,23,Hardware,Baja,Junior,11.41,1
3036,Viernes,1,Hardware,Baja,Semi-Senior,12.76,0
3037,Martes,10,Redes,Baja,Semi-Senior,12.47,1
3038,Jueves,8,Hardware,Baja,Junior,18.4,1
3039,Miércoles,6,Acceso,Media,Semi-Senior,4.48,0
3040,Miércoles,21,Hardware,Alta,Semi-Senior,1.38,0
3041,Martes,16,Hardware,Baja,Senior,6.21,0
3042,Viernes,16,Redes,Media,Semi-Senior,5.74,0
3043,Sábado,1,Hardware,Alta,Semi-Senior,0.5,0
3044,Martes,5,Redes,Baja,Senior,6.46,0
3045,Sábado,13,Software,Alta,Junior,4.18,0
3046,Sábado,5,Redes,Media,Junior,9.31,0
3047,Viernes,1,Hardware,Baja,Semi-Senior,20.16,0
3048,Sábado,0,Software,Alta,Junior,7.49,0
3049,Jueves,9,Hardware,Baja,Senior,5.71,0
3050,Viernes,20,Redes,Baja,Junior,19.9,1
3051,Martes,4,Acceso,Media,Junior,14.8,0
3052,Domingo,1,Software,Baja,Senior,37.54,0
3053,Jueves,21,Acceso,Baja,Semi-Senior,12.16,1
3054,Lunes,15,Acceso,Baja,Semi-Senior,17.82,1
3055,Miércoles,1,Software,Media,Junior,24.77,1
3056,Martes,9,Acceso,Media,Junior,10.43,1
3057,Martes,1,Acceso,Media,Senior,0.5,0
3058,Martes,15,Acceso,Alta,Junior,12.04,0
3059,Jueves,15,Acceso,Baja,Semi-Senior,11.61,0
3060,Lunes,18,Software,Baja,Junior,22.05,1
3061,Domingo,6,Hardware,Media,Junior,8.54,0
3062,Viernes,21,Acceso,Media,Semi-Senior,11.64,1
3063,Lunes,11,Software,Baja,Senior,6.72,0
3064,Jueves,23,Software,Baja,Semi-Senior,7.98,0
3065,Martes,14,Software,Alta,Semi-Senior,8.82,0
3066,Miércoles,7,Software,Alta,Semi-Senior,1.68,0
3067,Martes,5,Redes,Media,Semi-Senior,11.0,0
3068,Viernes,9,Hardware,Baja,Semi-Senior,11.32,0
3069,Sábado,2,Hardware,Alta,Junior,25.21,0
3070,Miércoles,18,Acceso,Alta,Junior,15.96,0
3071,Martes,16,Software,Media,Senior,0.5,0
3072,Domingo,6,Redes,Alta,Junior,13.8,0
3073,Miércoles,20,Software,Alta,Junior,8.77,1
3074,Sábado,19,Acceso,Alta,Semi-Senior,3.85,0
3075,Lunes,3,Hardware,Alta,Semi-Senior,4.72,0
3076,Jueves,13,Acceso,Media,Semi-Senior,4.1,0
3077,Martes,19,Acceso,Media,Junior,8.17,0
3078,Viernes,21,Acceso,Baja,Senior,8.42,0
3079,Lunes,14,Acceso,Media,Semi-Senior,2.08,0
3080,Martes,23,Acceso,Media,Senior,7.61,0
3081,Lunes,7,Acceso,Alta,Junior,8.85,0
3082,Viernes,20,Acceso,Baja,Junior,,1
3083,Martes,14,Hardware,Media,Junior,12.73,0
3084,Sábado,21,Hardware,Baja,Junior,19.6,0
3085,Sábado,19,Software,Media,Junior,8.93,0
3086,Viernes,13,Software,Media,Junior,,0
3087,Miércoles,8,Redes,Baja,Semi-Senior,15.42,0
3088,Viernes,7,Redes,Media,Semi-Senior,5.54,0
3089,Miércoles,16,Hardware,Baja,Semi-Senior,20.39,1
3090,Martes,1,Hardware,Baja,Junior,14.99,1
3091,Miércoles,23,Redes,Media,Semi-Senior,25.49,1
3092,Martes,2,Hardware,Baja,Junior,19.13,1
3093,Martes,7,Redes,Baja,Semi-Senior,10.68,0
3094,Domingo,11,Software,Baja,Semi-Senior,12.21,0
3095,Jueves,0,Hardware,Baja,Semi-Senior,26.02,0
3096,Martes,9,Hardware,Media,Senior,14.13,0
3097,Miércoles,19,Redes,Baja,Senior,4.82,0
3098,Jueves,2,Acceso,Alta,Semi-Senior,11.29,0
3099,Jueves,5,Acceso,Baja,Senior,8.17,0
3100,Martes,6,Software,Baja,Semi-Senior,10.52,0
3101,Viernes,19,Hardware,Baja,Senior,10.32,0
3102,Viernes,22,Hardware,Media,Semi-Senior,5.18,1
3103,Sábado,17,Redes,Media,Semi-Senior,,0
3104,Jueves,10,Acceso,Alta,Semi-Senior,2.02,0
3105,Martes,18,Acceso,Media,Junior,5.17,0
3106,Domingo,4,Software,Baja,Semi-Senior,10.44,0
3107,Viernes,18,Acceso,Media,Senior,9.77,0
3108,Domingo,10,Acceso,Alta,Semi-Senior,7.61,0
3109,Martes,23,Acceso,Baja,Junior,14.3,0
3110,Martes,11,Redes,Baja,Junior,11.22,1
3111,Jueves,9,Acceso,Media,Senior,6.61,0
3112,Domingo,7,Software,Baja,Senior,6.52,0
3113,Sábado,23,Acceso,Alta,Junior,8.69,1
3114,Jueves,8,Software,Baja,Senior,6.35,0
3115,Lunes,3,Redes,Baja,Senior,5.83,1
3116,Domingo,4,Redes,Alta,Junior,6.19,0
3117,Viernes,20,Software,Alta,Senior,2.08,0
3118,Viernes,7,Redes,Baja,Junior,15.82,0
3119,Viernes,22,Hardware,Alta,Semi-Senior,6.79,0
3120,Miércoles,8,Hardware,Baja,Semi-Senior,11.42,0
3121,Martes,14,Hardware,Baja,Semi-Senior,19.24,0
3122,Jueves,14,Hardware,Alta,Semi-Senior,0.5,0
3123,Viernes,15,Hardware,Media,Semi-Senior,6.15,0
3124,Lunes,13,Redes,Baja,Senior,24.86,1
3125,Viernes,7,Software,Baja,Senior,,1
3126,Sábado,17,Redes,Media,Semi-Senior,5.61,0
3127,Martes,9,Acceso,Baja,Semi-Senior,17.65,0
3128,Domingo,19,Hardware,Media,Junior,11.24,0
3129,Martes,5,Hardware,Media,Semi-Senior,4.14,0
3130,Domingo,11,Redes,Baja,Senior,6.4,0
3131,Domingo,1,Acceso,Media,Junior,21.4,0
3132,Jueves,6,Redes,Alta,Senior,2.85,0
3133,Miércoles,15,Software,Baja,Senior,9.38,0
3134,Domingo,2,Hardware,Baja,Semi-Senior,7.01,0
3135,Domingo,12,Redes,Baja,Semi-Senior,21.78,1
3136,Jueves,2,Software,Media,Semi-Senior,,0
3137,Viernes,17,Hardware,Alta,Semi-Senior,10.91,0
3138,Sábado,10,Hardware,Baja,Semi-Senior,10.59,0
3139,Lunes,7,Hardware,Baja,Senior,11.15,0
3140,Jueves,5,Acceso,Baja,Semi-Senior,14.46,0
3141,Miércoles,0,Redes,Media,Semi-Senior,13.54,0
3142,Jueves,0,Hardware,Baja,Semi-Senior,11.03,0
3143,Martes,22,Hardware,Alta,Junior,,1
3144,Viernes,7,Software,Baja,Junior,14.04,0
3145,Viernes,4,Redes,Media,Senior,29.8,0
3146,Domingo,15,Software,Media,Junior,14.54,1
3147,Viernes,10,Redes,Media,Semi-Senior,6.25,0
3148,Viernes,4,Hardware,Baja,Semi-Senior,10.16,0
3149,Viernes,3,Acceso,Media,Junior,20.64,1
3150,Viernes,5,Software,Baja,Junior,15.28,1
3151,Lunes,13,Acceso,Baja,Senior,11.42,0
3152,Miércoles,21,Acceso,Media,Semi-Senior,2.64,0
3153,Domingo,18,Acceso,Media,Semi-Senior,11.11,0
3154,Viernes,8,Redes,Baja,Senior,13.62,1
3155,Domingo,11,Redes,Baja,Junior,14.76,1
3156,Miércoles,10,Acceso,Alta,Junior,8.75,0
3157,Sábado,13,Hardware,Alta,Semi-Senior,10.18,0
3158,Viernes,22,Hardware,Baja,Semi-Senior,8.42,0
3159,Domingo,15,Acceso,Media,Semi-Senior,2.83,0
3160,Jueves,0,Software,Baja,Senior,9.08,0
3161,Domingo,12,Software,Media,Senior,7.19,0
3162,Viernes,22,Redes,Alta,Junior,16.67,0
3163,Martes,20,Software,Baja,Junior,14.83,0
3164,Lunes,20,Hardware,Media,Senior,2.58,0
3165,Jueves,12,Acceso,Baja,Junior,15.32,0
3166,Jueves,1,Software,Media,Junior,13.67,0
3167,Martes,3,Acceso,Media,Semi-Senior,2.18,0
3168,Viernes,5,Software,Alta,Semi-Senior,2.36,0
3169,Lunes,22,Redes,Baja,Semi-Senior,8.78,0
3170,Jueves,4,Hardware,Baja,Junior,14.58,1
3171,Lunes,2,Redes,Baja,Semi-Senior,12.98,1
3172,Jueves,0,Acceso,Alta,Semi-Senior,1.73,0
3173,Viernes,3,Hardware,Media,Junior,14.51,0
3174,Sábado,19,Hardware,Media,Junior,4.95,1
3175,Jueves,1,Redes,Baja,Semi-Senior,7.03,0
3176,Sábado,4,Software,Alta,Senior,0.5,0
3177,Jueves,2,Redes,Alta,Senior,0.5,0
3178,Miércoles,8,Acceso,Media,Junior,11.42,0
3179,Viernes,19,Software,Baja,Semi-Senior,7.05,1
3180,Martes,5,Redes,Baja,Semi-Senior,8.94,1
3181,Sábado,17,Redes,Media,Senior,2.03,0
3182,Martes,5,Software,Media,Semi-Senior,8.9,0
3183,Viernes,18,Software,Baja,Junior,15.39,1
3184,Domingo,11,Software,Media,Semi-Senior,2.16,0
3185,Martes,10,Redes,Baja,Junior,13.35,1
3186,Viernes,1,Software,Media,Junior,9.0,0
3187,Martes,14,Software,Media,Semi-Senior,8.16,1
3188,Sábado,11,Software,Baja,Senior,7.0,0
3189,Miércoles,11,Hardware,Media,Junior,14.75,0
3190,Martes,8,Acceso,Baja,Semi-Senior,7.01,1
3191,Sábado,20,Software,Baja,Junior,14.19,1
3192,Jueves,23,Acceso,Alta,Senior,4.91,0
3193,Viernes,1,Software,Baja,Semi-Senior,18.93,0
3194,Lunes,21,Software,Baja,Junior,17.49,1
3195,Domingo,2,Hardware,Baja,Junior,17.25,1
3196,Lunes,11,Hardware,Baja,Semi-Senior,12.96,1
3197,Viernes,15,Software,Baja,Junior,13.85,1
3198,Miércoles,20,Software,Baja,Junior,14.85,1
3199,Martes,23,Software,Media,Semi-Senior,7.49,0
3200,Miércoles,0,Acceso,Baja,Semi-Senior,17.57,0
3201,Lunes,20,Software,Media,Semi-Senior,5.22,0
3202,Domingo,2,Acceso,Baja,Junior,16.99,1
3203,Sábado,19,Hardware,Baja,Semi-Senior,10.64,1
3204,Domingo,1,Acceso,Baja,Semi-Senior,11.78,0
3205,Viernes,8,Software,Alta,Junior,3.52,0
3206,Viernes,18,Hardware,Media,Semi-Senior,7.08,0
3207,Miércoles,14,Redes,Media,Junior,18.09,1
3208,Sábado,17,Hardware,Baja,Senior,16.51,1
3209,Miércoles,10,Redes,Alta,Semi-Senior,1.37,0
3210,Martes,22,Acceso,Baja,Semi-Senior,9.01,0
3211,Jueves,15,Hardware,Baja,Junior,16.21,1
3212,Sábado,21,Hardware,Media,Junior,5.68,0
3213,Jueves,16,Hardware,Baja,Semi-Senior,17.14,1
3214,Domingo,4,Acceso,Alta,Semi-Senior,1.61,0
3215,Martes,11,Software,Baja,Junior,21.11,1
3216,Jueves,10,Acceso,Alta,Junior,5.43,0
3217,Lunes,14,Hardware,Media,Junior,9.89,0
3218,Domingo,2,Software,Media,Semi-Senior,16.33,1
3219,Jueves,0,Hardware,Baja,Junior,18.8,1
3220,Martes,19,Hardware,Baja,Semi-Senior,12.9,1
3221,Jueves,15,Redes,Alta,Junior,10.14,0
3222,Viernes,1,Hardware,Baja,Semi-Senior,8.38,1
3223,Miércoles,1,Acceso,Media,Junior,19.06,0
3224,Lunes,2,Acceso,Alta,Semi-Senior,9.81,0
3225,Viernes,7,Acceso,Baja,Junior,15.96,1
3226,Viernes,23,Software,Media,Junior,11.19,1
3227,Martes,14,Redes,Media,Semi-Senior,7.84,0
3228,Miércoles,6,Redes,Baja,Junior,23.71,1
3229,Miércoles,5,Hardware,Baja,Junior,23.22,1
3230,Sábado,8,Hardware,Baja,Senior,,0
3231,Domingo,19,Redes,Baja,Senior,7.91,0
3232,Lunes,0,Software,Media,Junior,12.22,0
3233,Domingo,7,Acceso,Baja,Senior,15.26,0
3234,Martes,22,Hardware,Alta,Semi-Senior,1.62,0
3235,Lunes,22,Redes,Baja,Junior,19.36,1
3236,Sábado,2,Software,Media,Senior,5.61,0
3237,Jueves,3,Acceso,Media,Senior,6.79,0
3238,Viernes,14,Hardware,Baja,Senior,7.71,0
3239,Lunes,5,Acceso,Baja,Junior,15.75,1
3240,Domingo,14,Acceso,Media,Junior,13.12,1
3241,Viernes,20,Redes,Alta,Semi-Senior,6.8,0
3242,Martes,2,Redes,Baja,Semi-Senior,14.24,1
3243,Domingo,20,Acceso,Baja,Junior,12.13,1
3244,Jueves,20,Acceso,Baja,Senior,9.11,0
3245,Martes,13,Hardware,Baja,Semi-Senior,9.3,1
3246,Jueves,19,Software,Media,Semi-Senior,8.94,0
3247,Jueves,13,Software,Alta,Semi-Senior,15.77,0
3248,Viernes,3,Acceso,Baja,Semi-Senior,13.2,1
3249,Martes,11,Redes,Alta,Junior,15.64,0
3250,Martes,16,Software,Baja,Senior,5.5,0
3251,Lunes,6,Acceso,Media,Junior,11.17,0
3252,Domingo,8,Redes,Baja,Junior,16.31,0
3253,Martes,2,Hardware,Baja,Senior,6.7,0
3254,Lunes,12,Software,Baja,Senior,8.03,0
3255,Miércoles,14,Hardware,Baja,Senior,10.12,1
3256,Miércoles,17,Redes,Media,Senior,4.35,0
3257,Miércoles,18,Acceso,Media,Semi-Senior,26.47,1
3258,Sábado,0,Hardware,Baja,Senior,8.64,0
3259,Martes,5,Acceso,Alta,Junior,19.44,0
3260,Sábado,22,Software,Baja,Semi-Senior,8.49,1
3261,Domingo,1,Hardware,Media,Semi-Senior,20.76,0
3262,Martes,23,Software,Baja,Junior,19.23,1
3263,Lunes,13,Software,Baja,Semi-Senior,9.81,0
3264,Sábado,5,Software,Baja,Semi-Senior,9.57,1
3265,Sábado,13,Software,Media,Semi-Senior,6.5,0
3266,Domingo,3,Software,Media,Junior,6.11,0
3267,Sábado,20,Redes,Baja,Senior,10.42,1
3268,Jueves,7,Hardware,Baja,Junior,28.82,1
3269,Lunes,2,Acceso,Baja,Semi-Senior,8.54,1
3270,Miércoles,18,Acceso,Media,Senior,9.48,0
3271,Lunes,13,Redes,Media,Semi-Senior,12.32,1
3272,Jueves,19,Acceso,Baja,Junior,11.58,0
3273,Domingo,16,Acceso,Baja,Junior,14.36,1
3274,Domingo,7,Acceso,Media,Semi-Senior,14.15,0
3275,Martes,23,Hardware,Baja,Senior,6.89,1
3276,Lunes,13,Acceso,Baja,Senior,15.29,0
3277,Domingo,5,Hardware,Baja,Semi-Senior,8.81,0
3278,Sábado,22,Acceso,Baja,Junior,12.7,1
3279,Domingo,21,Acceso,Media,Junior,17.45,1
3280,Domingo,15,Hardware,Media,Junior,7.99,0
3281,Domingo,18,Redes,Baja,Junior,13.54,1
3282,Domingo,13,Acceso,Media,Junior,,0
3283,Miércoles,18,Software,Baja,Junior,11.19,1
3284,Miércoles,2,Software,Alta,Semi-Senior,2.8,0
3285,Martes,9,Redes,Media,Junior,23.11,1
3286,Domingo,18,Software,Media,Semi-Senior,2.66,0
3287,Lunes,8,Hardware,Baja,Senior,16.28,0
3288,Jueves,19,Acceso,Baja,Semi-Senior,9.99,0
3289,Martes,12,Acceso,Baja,Semi-Senior,16.53,1
3290,Lunes,6,Acceso,Media,Semi-Senior,3.96,0
3291,Domingo,13,Acceso,Baja,Junior,25.76,1
3292,Viernes,8,Software,Alta,Junior,5.88,0
3293,Domingo,22,Software,Alta,Junior,6.42,0
3294,Miércoles,18,Software,Media,Junior,9.89,1
3295,Jueves,14,Hardware,Alta,Semi-Senior,15.23,0
3296,Sábado,19,Software,Baja,Senior,10.74,0
3297,Jueves,13,Software,Baja,Senior,19.73,0
3298,Sábado,23,Acceso,Baja,Junior,23.74,1
3299,Jueves,5,Software,Media,Senior,15.64,0
3300,Miércoles,20,Redes,Baja,Junior,25.69,1
3301,Sábado,3,Redes,Alta,Senior,1.37,0
3302,Lunes,7,Acceso,Baja,Junior,30.15,1
3303,Sábado,16,Software,Baja,Junior,18.35,1
3304,Martes,8,Redes,Alta,Junior,10.31,0
3305,Lunes,0,Redes,Baja,Senior,8.29,0
3306,Martes,23,Hardware,Baja,Junior,11.53,1
3307,Domingo,19,Acceso,Media,Junior,5.53,0
3308,Jueves,13,Redes,Baja,Senior,6.94,0
3309,Lunes,10,Redes,Baja,Senior,12.65,0
3310,Jueves,20,Acceso,Baja,Junior,19.69,1
3311,Domingo,2,Software,Baja,Semi-Senior,9.19,0
3312,Viernes,8,Acceso,Alta,Junior,2.88,0
3313,Jueves,13,Hardware,Alta,Junior,8.94,0
3314,Domingo,8,Hardware,Baja,Semi-Senior,9.51,0
3315,Jueves,3,Hardware,Baja,Semi-Senior,11.62,0
3316,Domingo,3,Redes,Baja,Semi-Senior,15.25,0
3317,Martes,7,Software,Alta,Semi-Senior,17.1,0
3318,Domingo,1,Hardware,Baja,Semi-Senior,10.99,0
3319,Sábado,8,Acceso,Baja,Semi-Senior,,1
3320,Viernes,13,Hardware,Media,Semi-Senior,0.77,0
3321,Jueves,21,Redes,Alta,Semi-Senior,7.23,0
3322,Domingo,8,Hardware,Baja,Junior,32.75,1
3323,Domingo,23,Software,Baja,Semi-Senior,18.45,1
3324,Jueves,22,Hardware,Baja,Semi-Senior,19.86,0
3325,Viernes,15,Software,Baja,Semi-Senior,7.35,1
3326,Viernes,16,Software,Media,Semi-Senior,9.24,1
3327,Domingo,15,Acceso,Media,Junior,10.17,0
3328,Lunes,11,Software,Media,Semi-Senior,0.5,0
3329,Martes,2,Redes,Baja,Junior,,0
3330,Viernes,10,Redes,Baja,Senior,7.44,0
3331,Viernes,13,Software,Baja,Semi-Senior,,0
3332,Miércoles,17,Software,Baja,Junior,15.89,1
3333,Sábado,20,Hardware,Media,Semi-Senior,3.14,0
3334,Viernes,20,Hardware,Baja,Senior,9.45,0
3335,Martes,4,Acceso,Baja,Junior,27.04,1
3336,Sábado,15,Hardware,Baja,Semi-Senior,10.61,1
3337,Sábado,19,Redes,Baja,Semi-Senior,16.44,1
3338,Jueves,4,Hardware,Baja,Semi-Senior,8.06,0
3339,Jueves,2,Acceso,Alta,Junior,12.13,0
3340,Jueves,11,Acceso,Baja,Semi-Senior,13.76,0
3341,Jueves,0,Software,Media,Senior,8.77,0
3342,Miércoles,20,Acceso,Baja,Senior,7.33,0
3343,Viernes,8,Software,Baja,Semi-Senior,14.51,1
3344,Jueves,8,Redes,Alta,Senior,25.27,0
3345,Domingo,3,Redes,Baja,Semi-Senior,16.42,1
3346,Lunes,2,Hardware,Media,Semi-Senior,6.24,1
3347,Jueves,16,Acceso,Baja,Semi-Senior,13.85,1
3348,Viernes,1,Redes,Media,Junior,7.52,0
3349,Jueves,23,Software,Media,Semi-Senior,,0
3350,Miércoles,0,Acceso,Alta,Semi-Senior,7.64,0
3351,Martes,7,Acceso,Alta,Senior,2.4,0
3352,Martes,12,Software,Media,Semi-Senior,2.14,0
3353,Viernes,22,Acceso,Baja,Semi-Senior,8.75,0
3354,Domingo,14,Acceso,Media,Junior,5.88,0
3355,Martes,7,Redes,Media,Junior,7.23,0
3356,Martes,11,Software,Baja,Junior,12.13,1
3357,Lunes,21,Redes,Baja,Semi-Senior,8.91,0
3358,Viernes,11,Software,Alta,Junior,4.2,0
3359,Domingo,13,Hardware,Baja,Semi-Senior,10.34,1
3360,Viernes,14,Acceso,Baja,Junior,12.08,1
3361,Martes,14,Acceso,Alta,Semi-Senior,4.23,0
3362,Martes,8,Redes,Baja,Senior,7.23,0
3363,Martes,18,Acceso,Baja,Semi-Senior,12.55,1
3364,Sábado,19,Acceso,Media,Junior,17.64,0
3365,Miércoles,21,Redes,Baja,Semi-Senior,29.84,1
3366,Jueves,7,Redes,Media,Junior,12.47,1
3367,Miércoles,20,Software,Baja,Junior,11.45,0
3368,Viernes,18,Hardware,Baja,Junior,12.49,0
3369,Lunes,5,Redes,Baja,Junior,18.27,1
3370,Jueves,19,Software,Alta,Junior,9.16,0
3371,Lunes,18,Redes,Baja,Junior,11.63,1
3372,Domingo,3,Software,Baja,Junior,29.1,1
3373,Sábado,22,Hardware,Baja,Semi-Senior,8.53,1
3374,Viernes,6,Software,Baja,Senior,17.55,0
3375,Sábado,3,Software,Baja,Senior,5.67,0
3376,Viernes,21,Acceso,Baja,Junior,24.3,1
3377,Lunes,11,Redes,Media,Semi-Senior,15.66,1
3378,Lunes,12,Software,Baja,Senior,6.79,0
3379,Lunes,2,Redes,Media,Junior,6.08,0
3380,Viernes,21,Software,Media,Senior,0.68,0
3381,Martes,11,Acceso,Baja,Semi-Senior,33.09,1
3382,Lunes,1,Acceso,Baja,Senior,19.01,0
3383,Sábado,23,Hardware,Media,Senior,0.5,0
3384,Domingo,1,Software,Media,Semi-Senior,8.72,0
3385,Jueves,22,Acceso,Baja,Semi-Senior,22.74,1
3386,Viernes,8,Redes,Alta,Junior,9.96,0
3387,Sábado,0,Software,Baja,Junior,11.47,0
3388,Miércoles,7,Software,Baja,Semi-Senior,11.92,1
3389,Domingo,22,Hardware,Baja,Junior,11.87,1
3390,Miércoles,5,Redes,Alta,Junior,10.32,0
3391,Jueves,5,Hardware,Media,Junior,11.69,0
3392,Martes,21,Software,Media,Senior,2.5,0
3393,Lunes,17,Hardware,Baja,Junior,11.32,1
3394,Viernes,16,Software,Baja,Junior,15.08,1
3395,Sábado,11,Software,Baja,Semi-Senior,18.54,0
3396,Lunes,5,Hardware,Alta,Semi-Senior,,0
3397,Sábado,7,Hardware,Baja,Junior,17.39,1
3398,Viernes,18,Software,Baja,Senior,24.86,1
3399,Miércoles,9,Hardware,Baja,Semi-Senior,32.27,1
3400,Lunes,0,Hardware,Alta,Semi-Senior,1.49,0
3401,Jueves,12,Software,Baja,Junior,21.83,1
3402,Martes,16,Redes,Baja,Semi-Senior,7.07,1
3403,Jueves,2,Hardware,Baja,Senior,22.23,1
3404,Martes,7,Hardware,Alta,Junior,16.19,0
3405,Domingo,13,Acceso,Alta,Junior,16.73,0
3406,Sábado,2,Redes,Media,Junior,15.53,0
3407,Lunes,15,Hardware,Baja,Senior,6.91,1
3408,Lunes,12,Software,Baja,Junior,21.17,1
3409,Domingo,19,Acceso,Alta,Senior,,0
3410,Martes,23,Acceso,Baja,Junior,12.38,1
3411,Miércoles,16,Acceso,Baja,Semi-Senior,20.65,1
3412,Viernes,12,Hardware,Baja,Semi-Senior,7.75,0
3413,Jueves,5,Software,Alta,Junior,9.95,0
3414,Domingo,16,Acceso,Baja,Semi-Senior,10.44,0
3415,Sábado,13,Redes,Media,Junior,7.92,0
3416,Domingo,16,Acceso,Alta,Junior,5.11,0
3417,Jueves,7,Acceso,Baja,Senior,12.05,0
3418,Jueves,10,Redes,Baja,Junior,16.37,1
3419,Sábado,19,Acceso,Alta,Semi-Senior,6.82,0
3420,Sábado,0,Acceso,Alta,Junior,11.17,0
3421,Lunes,6,Redes,Alta,Junior,5.41,0
3422,Jueves,20,Hardware,Media,Semi-Senior,1.95,1
3423,Viernes,20,Redes,Baja,Semi-Senior,10.71,1
3424,Viernes,16,Hardware,Alta,Junior,6.32,0
3425,Martes,9,Hardware,Baja,Semi-Senior,8.85,0
3426,Domingo,10,Hardware,Alta,Junior,6.27,0
3427,Sábado,21,Redes,Alta,Senior,7.93,0
3428,Lunes,8,Redes,Media,Junior,16.95,1
3429,Viernes,8,Hardware,Alta,Junior,8.81,0
3430,Miércoles,23,Redes,Media,Semi-Senior,4.69,0
3431,Lunes,4,Hardware,Baja,Junior,19.19,1
3432,Lunes,16,Redes,Media,Junior,7.03,0
3433,Viernes,8,Software,Baja,Junior,17.67,1
3434,Miércoles,16,Redes,Media,Senior,7.89,0
3435,Martes,23,Redes,Baja,Senior,12.63,0
3436,Viernes,20,Redes,Baja,Semi-Senior,17.1,1
3437,Miércoles,18,Hardware,Alta,Semi-Senior,2.92,0
3438,Lunes,6,Hardware,Alta,Semi-Senior,0.5,1
3439,Miércoles,22,Software,Baja,Semi-Senior,19.5,0
3440,Lunes,8,Software,Media,Junior,10.23,1
3441,Domingo,6,Acceso,Media,Senior,,0
3442,Viernes,12,Software,Alta,Junior,5.75,0
3443,Sábado,10,Hardware,Baja,Junior,12.1,1
3444,Viernes,13,Software,Media,Senior,14.4,0
3445,Domingo,18,Software,Alta,Semi-Senior,0.5,0
3446,Jueves,10,Redes,Baja,Junior,10.99,1
3447,Jueves,12,Software,Alta,Junior,9.8,0
3448,Jueves,13,Acceso,Alta,Semi-Senior,1.53,0
3449,Viernes,12,Redes,Alta,Semi-Senior,15.25,0
3450,Martes,0,Hardware,Baja,Semi-Senior,16.47,1
3451,Viernes,7,Acceso,Baja,Junior,17.45,1
3452,Domingo,11,Hardware,Alta,Senior,7.6,0
3453,Domingo,18,Acceso,Baja,Junior,17.01,1
3454,Sábado,11,Redes,Media,Semi-Senior,12.51,0
3455,Miércoles,7,Acceso,Baja,Semi-Senior,16.31,0
3456,Viernes,7,Acceso,Baja,Junior,22.77,0
3457,Viernes,20,Software,Baja,Junior,23.52,1
3458,Lunes,12,Hardware,Media,Senior,2.75,0
3459,Domingo,11,Redes,Baja,Senior,13.94,1
3460,Lunes,15,Acceso,Media,Junior,8.82,0
3461,Lunes,0,Hardware,Media,Senior,7.11,0
3462,Viernes,12,Hardware,Media,Junior,6.17,0
3463,Martes,6,Software,Media,Semi-Senior,10.84,1
3464,Miércoles,4,Hardware,Baja,Junior,31.51,1
3465,Miércoles,7,Redes,Baja,Senior,9.75,0
3466,Domingo,13,Software,Baja,Junior,16.2,1
3467,Sábado,22,Acceso,Media,Semi-Senior,3.41,0
3468,Domingo,12,Redes,Media,Semi-Senior,16.65,0
3469,Martes,14,Redes,Baja,Junior,17.73,1
3470,Martes,22,Redes,Baja,Semi-Senior,13.0,0
3471,Miércoles,16,Software,Media,Junior,16.78,1
3472,Jueves,14,Hardware,Baja,Semi-Senior,23.05,1
3473,Lunes,19,Redes,Alta,Junior,14.19,0
3474,Lunes,17,Hardware,Baja,Semi-Senior,21.74,1
3475,Miércoles,17,Hardware,Alta,Senior,11.03,0
3476,Domingo,1,Redes,Baja,Junior,41.64,1
3477,Martes,3,Hardware,Baja,Junior,16.73,0
3478,Domingo,0,Software,Baja,Semi-Senior,9.32,0
3479,Sábado,3,Software,Baja,Semi-Senior,14.59,0
3480,Jueves,17,Acceso,Baja,Senior,5.24,0
3481,Miércoles,4,Hardware,Baja,Junior,14.95,0
3482,Lunes,18,Hardware,Media,Junior,12.68,1
3483,Viernes,14,Acceso,Baja,Senior,13.48,0
3484,Domingo,7,Software,Media,Senior,4.09,0
3485,Martes,19,Acceso,Baja,Semi-Senior,16.21,1
3486,Viernes,16,Acceso,Alta,Junior,11.47,0
3487,Sábado,0,Acceso,Media,Junior,6.55,0
3488,Miércoles,11,Hardware,Baja,Junior,19.69,1
3489,Domingo,18,Hardware,Baja,Senior,9.5,0
3490,Lunes,14,Hardware,Baja,Junior,24.49,1
3491,Domingo,8,Hardware,Baja,Semi-Senior,10.94,0
3492,Jueves,6,Redes,Media,Semi-Senior,2.9,0
3493,Viernes,1,Acceso,Media,Junior,,0
3494,Jueves,8,Acceso,Alta,Junior,6.86,1
3495,Sábado,9,Hardware,Media,Semi-Senior,6.24,0
3496,Lunes,1,Software,Alta,Junior,2.93,0
3497,Viernes,18,Redes,Alta,Junior,12.2,0
3498,Sábado,10,Redes,Alta,Junior,11.29,0
3499,Jueves,12,Software,Baja,Senior,21.18,1
3500,Jueves,9,Hardware,Baja,Senior,13.72,0
3501,Viernes,13,Redes,Baja,Semi-Senior,12.04,1
3502,Lunes,17,Redes,Media,Semi-Senior,2.21,0
3503,Jueves,18,Acceso,Baja,Semi-Senior,20.6,1
3504,Miércoles,21,Acceso,Baja,Semi-Senior,11.72,0
3505,Sábado,8,Hardware,Baja,Senior,6.6,0
3506,Viernes,6,Hardware,Baja,Semi-Senior,13.53,0
3507,Martes,2,Acceso,Media,Junior,8.31,1
3508,Martes,19,Acceso,Baja,Senior,8.82,0
3509,Lunes,5,Acceso,Media,Semi-Senior,15.25,0
3510,Miércoles,20,Software,Media,Junior,7.81,0
3511,Jueves,1,Redes,Baja,Senior,16.87,0
3512,Martes,5,Hardware,Media,Junior,14.18,0
3513,Lunes,2,Hardware,Media,Junior,11.92,0
3514,Sábado,15,Software,Baja,Semi-Senior,11.44,1
3515,Miércoles,7,Acceso,Baja,Junior,13.65,0
3516,Miércoles,1,Redes,Baja,Semi-Senior,17.91,0
3517,Domingo,16,Acceso,Media,Junior,14.06,1
3518,Lunes,8,Hardware,Media,Junior,7.69,1
3519,Lunes,11,Software,Baja,Semi-Senior,10.9,1
3520,Domingo,2,Redes,Baja,Semi-Senior,,1
3521,Jueves,10,Redes,Baja,Junior,,1
3522,Lunes,0,Redes,Alta,Senior,0.5,0
3523,Domingo,22,Redes,Baja,Semi-Senior,16.93,1
3524,Jueves,12,Software,Alta,Junior,10.24,0
3525,Jueves,14,Hardware,Baja,Junior,12.61,1
3526,Viernes,4,Redes,Media,Senior,6.21,0
3527,Miércoles,20,Redes,Media,Semi-Senior,5.23,0
3528,Sábado,16,Hardware,Media,Junior,5.58,0
3529,Miércoles,22,Acceso,Baja,Junior,15.24,1
3530,Miércoles,23,Redes,Media,Semi-Senior,4.45,1
3531,Viernes,5,Redes,Baja,Junior,,0
3532,Jueves,20,Acceso,Baja,Semi-Senior,11.95,0
3533,Jueves,21,Hardware,Media,Senior,6.63,0
3534,Lunes,10,Hardware,Alta,Junior,9.37,0
3535,Viernes,17,Redes,Media,Senior,11.98,0
3536,Lunes,3,Hardware,Baja,Senior,9.91,0
3537,Viernes,2,Acceso,Media,Senior,12.42,1
3538,Lunes,12,Software,Media,Senior,13.89,0
3539,Martes,22,Acceso,Alta,Senior,5.79,0
3540,Domingo,8,Acceso,Alta,Semi-Senior,0.5,1
3541,Miércoles,20,Software,Media,Semi-Senior,6.1,0
3542,Miércoles,5,Acceso,Baja,Semi-Senior,,1
3543,Sábado,11,Redes,Media,Senior,5.0,0
3544,Domingo,1,Redes,Media,Junior,19.24,0
3545,Jueves,2,Hardware,Alta,Junior,6.87,0
3546,Sábado,2,Hardware,Baja,Junior,,1
3547,Martes,11,Acceso,Baja,Senior,11.92,0
3548,Sábado,14,Redes,Baja,Semi-Senior,15.45,1
3549,Miércoles,8,Redes,Media,Semi-Senior,5.69,0
3550,Jueves,22,Software,Alta,Junior,6.3,0
3551,Martes,7,Hardware,Baja,Semi-Senior,7.51,0
3552,Miércoles,10,Redes,Media,Junior,7.76,1
3553,Domingo,15,Acceso,Media,Semi-Senior,9.87,0
3554,Lunes,21,Redes,Media,Junior,7.68,1
3555,Viernes,3,Hardware,Baja,Senior,9.11,0
3556,Martes,0,Acceso,Alta,Semi-Senior,16.69,0
3557,Jueves,23,Hardware,Baja,Semi-Senior,19.83,1
3558,Sábado,6,Redes,Media,Semi-Senior,10.9,0
3559,Domingo,1,Redes,Baja,Semi-Senior,16.77,1
3560,Sábado,23,Redes,Baja,Junior,15.28,1
3561,Martes,4,Hardware,Alta,Semi-Senior,11.74,0
3562,Domingo,6,Acceso,Baja,Senior,6.95,1
3563,Jueves,3,Redes,Baja,Semi-Senior,8.75,0
3564,Martes,4,Redes,Media,Semi-Senior,4.78,0
3565,Jueves,23,Redes,Media,Senior,2.75,0
3566,Sábado,0,Software,Media,Senior,7.06,0
3567,Miércoles,0,Software,Baja,Semi-Senior,13.91,0
3568,Domingo,14,Acceso,Baja,Semi-Senior,,0
3569,Lunes,19,Hardware,Baja,Senior,15.05,0
3570,Miércoles,18,Redes,Baja,Senior,5.31,0
3571,Lunes,9,Redes,Alta,Senior,13.25,1
3572,Sábado,17,Hardware,Baja,Semi-Senior,12.99,1
3573,Domingo,2,Hardware,Baja,Junior,19.31,1
3574,Miércoles,10,Acceso,Baja,Junior,17.45,1
3575,Miércoles,14,Hardware,Baja,Junior,13.46,0
3576,Martes,10,Redes,Media,Senior,1.48,0
3577,Viernes,16,Acceso,Media,Senior,0.5,0
3578,Sábado,16,Software,Baja,Semi-Senior,12.87,1
3579,Jueves,5,Acceso,Baja,Semi-Senior,16.28,0
3580,Sábado,4,Acceso,Baja,Junior,,1
3581,Jueves,7,Acceso,Media,Semi-Senior,17.46,0
3582,Domingo,1,Hardware,Media,Semi-Senior,3.56,0
3583,Jueves,15,Redes,Baja,Semi-Senior,10.51,0
3584,Lunes,19,Hardware,Baja,Junior,20.74,1
3585,Jueves,23,Redes,Media,Semi-Senior,16.08,0
3586,Jueves,11,Hardware,Alta,Junior,3.36,0
3587,Martes,5,Acceso,Alta,Senior,0.5,0
3588,Miércoles,0,Redes,Baja,Junior,,1
3589,Sábado,3,Hardware,Baja,Senior,12.2,0
3590,Sábado,16,Acceso,Baja,Junior,14.55,1
3591,Domingo,12,Software,Media,Junior,8.19,0
3592,Domingo,17,Hardware,Alta,Semi-Senior,0.5,0
3593,Jueves,4,Hardware,Baja,Semi-Senior,14.3,1
3594,Viernes,23,Software,Baja,Semi-Senior,7.63,1
3595,Sábado,23,Hardware,Baja,Junior,20.39,1
3596,Domingo,2,Software,Baja,Junior,23.74,1
3597,Jueves,10,Redes,Baja,Semi-Senior,6.8,0
3598,Domingo,12,Software,Media,Junior,8.29,0
3599,Lunes,3,Acceso,Baja,Junior,13.08,1
3600,Lunes,13,Software,Baja,Semi-Senior,7.87,0
3601,Domingo,21,Redes,Media,Junior,8.56,0
3602,Lunes,10,Software,Baja,Junior,20.58,1
3603,Domingo,9,Software,Baja,Junior,25.44,1
3604,Jueves,18,Redes,Baja,Senior,6.59,0
3605,Martes,17,Hardware,Alta,Junior,2.11,0
3606,Viernes,5,Hardware,Media,Senior,5.89,0
3607,Jueves,14,Acceso,Baja,Junior,22.25,1
3608,Martes,20,Acceso,Media,Semi-Senior,11.77,0
3609,Martes,9,Software,Baja,Junior,18.95,1
3610,Sábado,4,Hardware,Media,Semi-Senior,1.16,0
3611,Jueves,4,Hardware,Media,Senior,2.26,0
3612,Jueves,9,Software,Alta,Senior,1.54,0
3613,Domingo,4,Redes,Baja,Semi-Senior,8.44,0
3614,Martes,2,Hardware,Alta,Senior,3.71,0
3615,Martes,22,Acceso,Alta,Junior,15.05,0
3616,Martes,5,Software,Alta,Semi-Senior,10.3,0
3617,Domingo,3,Redes,Media,Semi-Senior,17.51,0
3618,Sábado,17,Acceso,Baja,Senior,15.21,0
3619,Jueves,8,Hardware,Baja,Junior,22.96,1
3620,Martes,16,Redes,Baja,Senior,11.56,1
3621,Lunes,12,Acceso,Baja,Semi-Senior,22.61,1
3622,Jueves,14,Software,Media,Semi-Senior,6.66,0
3623,Domingo,19,Redes,Media,Junior,16.64,1
3624,Sábado,16,Redes,Alta,Semi-Senior,9.74,0
3625,Lunes,12,Software,Baja,Semi-Senior,25.83,1
3626,Domingo,15,Hardware,Baja,Semi-Senior,9.18,0
3627,Miércoles,21,Hardware,Media,Senior,0.5,0
3628,Jueves,3,Redes,Baja,Semi-Senior,12.44,1
3629,Miércoles,4,Redes,Baja,Semi-Senior,9.68,0
3630,Domingo,4,Redes,Alta,Senior,0.75,0
3631,Domingo,8,Acceso,Media,Semi-Senior,6.73,0
3632,Domingo,16,Redes,Baja,Semi-Senior,21.94,0
3633,Martes,12,Hardware,Alta,Junior,17.36,0
3634,Sábado,1,Software,Media,Junior,5.71,1
3635,Martes,12,Software,Media,Semi-Senior,10.93,1
3636,Sábado,21,Software,Alta,Senior,0.5,0
3637,Viernes,20,Redes,Baja,Junior,23.66,1
3638,Martes,22,Redes,Media,Junior,19.35,1
3639,Miércoles,18,Software,Baja,Semi-Senior,9.38,0
3640,Sábado,2,Acceso,Baja,Junior,16.76,0
3641,Martes,9,Acceso,Alta,Semi-Senior,2.14,0
3642,Jueves,1,Acceso,Media,Semi-Senior,14.23,0
3643,Domingo,12,Acceso,Media,Junior,18.31,1
3644,Sábado,18,Hardware,Alta,Senior,7.98,0
3645,Sábado,16,Software,Alta,Semi-Senior,15.45,0
3646,Martes,20,Hardware,Alta,Semi-Senior,0.56,0
3647,Viernes,13,Redes,Baja,Junior,12.03,0
3648,Martes,11,Acceso,Baja,Semi-Senior,13.06,0
3649,Miércoles,20,Acceso,Baja,Senior,5.91,0
3650,Miércoles,11,Software,Baja,Junior,15.03,0
3651,Sábado,10,Acceso,Baja,Junior,10.41,1
3652,Sábado,6,Software,Media,Junior,10.03,0
3653,Martes,3,Redes,Media,Junior,10.59,1
3654,Miércoles,18,Acceso,Alta,Junior,7.78,0
3655,Miércoles,0,Acceso,Media,Junior,12.44,0
3656,Viernes,23,Hardware,Media,Senior,2.7,0
3657,Jueves,2,Software,Baja,Semi-Senior,10.95,0
3658,Viernes,12,Software,Baja,Junior,16.87,1
3659,Lunes,14,Acceso,Baja,Semi-Senior,13.63,1
3660,Domingo,1,Hardware,Media,Junior,15.71,0
3661,Viernes,10,Acceso,Baja,Semi-Senior,7.52,0
3662,Martes,3,Software,Media,Junior,23.66,1
3663,Jueves,18,Software,Media,Junior,7.97,1
3664,Martes,16,Acceso,Baja,Senior,6.63,0
3665,Domingo,2,Redes,Baja,Junior,12.96,0
3666,Lunes,17,Acceso,Baja,Senior,7.42,0
3667,Jueves,7,Hardware,Baja,Semi-Senior,,0
3668,Sábado,21,Software,Media,Junior,11.01,0
3669,Miércoles,23,Software,Media,Semi-Senior,17.87,1
3670,Viernes,18,Acceso,Media,Semi-Senior,0.83,0
3671,Martes,4,Redes,Alta,Junior,8.28,0
3672,Lunes,6,Software,Media,Junior,19.45,1
3673,Miércoles,20,Acceso,Alta,Junior,8.57,0
3674,Viernes,7,Redes,Baja,Senior,11.78,0
3675,Miércoles,4,Acceso,Media,Semi-Senior,9.7,0
3676,Viernes,16,Acceso,Baja,Junior,18.99,1
3677,Sábado,4,Acceso,Baja,Senior,7.46,0
3678,Jueves,3,Software,Baja,Junior,17.67,1
3679,Miércoles,21,Redes,Media,Junior,15.39,0
3680,Miércoles,18,Hardware,Baja,Junior,18.61,1
3681,Miércoles,20,Hardware,Baja,Semi-Senior,17.39,0
3682,Jueves,1,Software,Alta,Junior,11.6,0
3683,Lunes,10,Software,Alta,Semi-Senior,0.5,0
3684,Viernes,21,Acceso,Media,Senior,15.73,0
3685,Sábado,12,Acceso,Media,Junior,28.71,1
3686,Miércoles,14,Redes,Alta,Junior,8.2,0
3687,Domingo,11,Acceso,Media,Junior,17.65,0
3688,Jueves,21,Redes,Baja,Semi-Senior,16.21,1
3689,Lunes,20,Acceso,Alta,Senior,6.25,1
3690,Viernes,21,Acceso,Media,Junior,4.41,0
3691,Jueves,10,Hardware,Baja,Junior,13.27,1
3692,Sábado,6,Software,Baja,Junior,14.28,0
3693,Sábado,4,Redes,Baja,Junior,15.01,1
3694,Viernes,16,Hardware,Alta,Semi-Senior,2.33,0
3695,Miércoles,23,Acceso,Baja,Junior,18.61,1
3696,Sábado,19,Hardware,Alta,Junior,13.41,0
3697,Lunes,8,Redes,Alta,Semi-Senior,5.7,0
3698,Jueves,13,Software,Media,Junior,18.87,1
3699,Lunes,11,Hardware,Media,Semi-Senior,14.4,1
3700,Miércoles,5,Redes,Baja,Junior,11.98,1
3701,Lunes,16,Acceso,Baja,Senior,14.33,0
3702,Lunes,18,Hardware,Baja,Junior,16.41,1
3703,Martes,18,Software,Media,Senior,3.03,0
3704,Lunes,15,Redes,Baja,Junior,,1
3705,Viernes,11,Software,Baja,Semi-Senior,9.22,1
3706,Jueves,11,Acceso,Baja,Junior,12.92,1
3707,Martes,19,Software,Alta,Semi-Senior,2.81,0
3708,Jueves,5,Acceso,Baja,Junior,14.06,1
3709,Jueves,22,Acceso,Alta,Semi-Senior,16.58,0
3710,Miércoles,3,Hardware,Baja,Semi-Senior,10.45,0
3711,Miércoles,5,Acceso,Media,Semi-Senior,,0
3712,Martes,10,Software,Baja,Semi-Senior,18.42,1
3713,Sábado,0,Hardware,Media,Junior,6.04,0
3714,Domingo,23,Acceso,Media,Junior,14.3,1
3715,Miércoles,22,Redes,Baja,Semi-Senior,8.28,0
3716,Domingo,14,Redes,Media,Junior,11.76,0
3717,Miércoles,10,Acceso,Media,Junior,10.29,0
3718,Miércoles,18,Hardware,Media,Junior,5.58,0
3719,Jueves,17,Hardware,Media,Junior,8.49,0
3720,Martes,16,Hardware,Baja,Semi-Senior,24.64,1
3721,Jueves,18,Software,Media,Semi-Senior,15.14,0
3722,Viernes,20,Redes,Alta,Senior,0.5,0
3723,Jueves,13,Acceso,Alta,Junior,5.64,0
3724,Domingo,17,Acceso,Alta,Senior,8.17,0
3725,Domingo,18,Redes,Baja,Semi-Senior,7.37,0
3726,Viernes,14,Software,Media,Senior,3.9,0
3727,Lunes,14,Hardware,Media,Senior,3.23,0
3728,Lunes,3,Redes,Baja,Semi-Senior,7.97,1
3729,Viernes,6,Acceso,Alta,Junior,20.94,0
3730,Viernes,12,Software,Media,Junior,12.55,0
3731,Jueves,2,Acceso,Baja,Junior,18.57,1
3732,Viernes,15,Hardware,Baja,Senior,17.14,1
3733,Martes,8,Redes,Alta,Senior,3.81,0
3734,Lunes,7,Hardware,Baja,Semi-Senior,11.49,0
3735,Lunes,19,Software,Baja,Senior,7.14,1
3736,Sábado,12,Redes,Baja,Senior,18.78,0
3737,Viernes,16,Hardware,Baja,Semi-Senior,14.58,1
3738,Miércoles,16,Hardware,Alta,Semi-Senior,,0
3739,Miércoles,16,Hardware,Baja,Semi-Senior,9.2,0
3740,Viernes,0,Software,Media,Semi-Senior,15.32,0
3741,Martes,7,Hardware,Alta,Junior,9.38,0
3742,Miércoles,18,Acceso,Media,Semi-Senior,8.6,0
3743,Sábado,5,Redes,Baja,Semi-Senior,10.89,0
3744,Domingo,2,Redes,Media,Semi-Senior,6.34,0
3745,Viernes,4,Hardware,Baja,Senior,7.19,0
3746,Martes,12,Software,Baja,Junior,17.95,1
3747,Martes,14,Acceso,Media,Junior,17.14,1
3748,Jueves,13,Acceso,Alta,Senior,3.4,0
3749,Martes,22,Redes,Media,Semi-Senior,7.84,0
3750,Miércoles,15,Redes,Alta,Junior,10.67,0
3751,Domingo,17,Acceso,Media,Semi-Senior,8.72,1
3752,Miércoles,21,Redes,Media,Semi-Senior,12.55,0
3753,Viernes,21,Hardware,Alta,Senior,0.5,0
3754,Domingo,10,Acceso,Baja,Semi-Senior,7.82,1
3755,Viernes,2,Redes,Baja,Junior,17.06,1
3756,Martes,21,Hardware,Media,Semi-Senior,10.12,0
3757,Sábado,9,Hardware,Media,Senior,12.73,0
3758,Lunes,9,Acceso,Baja,Semi-Senior,19.45,1
3759,Domingo,20,Hardware,Baja,Senior,6.34,1
3760,Jueves,15,Acceso,Baja,Junior,20.09,1
3761,Lunes,11,Hardware,Media,Senior,0.89,0
3762,Martes,1,Acceso,Alta,Semi-Senior,5.92,0
3763,Martes,8,Acceso,Alta,Semi-Senior,0.5,0
3764,Lunes,23,Acceso,Media,Junior,,1
3765,Jueves,2,Acceso,Alta,Senior,10.49,0
3766,Domingo,23,Hardware,Baja,Semi-Senior,15.9,1
3767,Domingo,14,Acceso,Baja,Senior,7.97,1
3768,Lunes,2,Redes,Baja,Junior,22.83,1
3769,Viernes,18,Hardware,Media,Junior,11.83,0
3770,Miércoles,17,Acceso,Baja,Junior,16.9,1
3771,Sábado,7,Hardware,Media,Semi-Senior,3.02,0
3772,Viernes,16,Hardware,Media,Semi-Senior,12.95,0
3773,Domingo,7,Hardware,Baja,Semi-Senior,24.14,1
3774,Miércoles,6,Hardware,Alta,Semi-Senior,10.66,0
3775,Sábado,6,Acceso,Media,Senior,7.44,0
3776,Sábado,2,Hardware,Baja,Junior,14.74,0
3777,Sábado,0,Redes,Baja,Junior,16.51,1
3778,Martes,3,Hardware,Media,Senior,1.26,0
3779,Sábado,4,Hardware,Baja,Semi-Senior,18.55,1
3780,Jueves,0,Redes,Baja,Semi-Senior,15.98,1
3781,Lunes,14,Acceso,Media,Semi-Senior,2.48,0
3782,Domingo,4,Redes,Alta,Semi-Senior,6.53,0
3783,Jueves,12,Software,Baja,Junior,16.7,1
3784,Lunes,7,Redes,Alta,Semi-Senior,4.75,0
3785,Viernes,7,Acceso,Alta,Senior,0.5,0
3786,Viernes,4,Redes,Baja,Semi-Senior,13.99,0
3787,Lunes,8,Hardware,Media,Junior,10.51,0
3788,Jueves,0,Acceso,Baja,Semi-Senior,11.78,0
3789,Lunes,3,Software,Baja,Junior,11.82,1
3790,Sábado,2,Acceso,Media,Junior,16.9,1
3791,Martes,1,Hardware,Media,Senior,5.08,0
3792,Domingo,7,Software,Baja,Junior,12.41,0
3793,Viernes,22,Acceso,Alta,Senior,4.56,0
3794,Domingo,8,Acceso,Media,Semi-Senior,3.15,0
3795,Martes,1,Hardware,Alta,Semi-Senior,0.69,0
3796,Sábado,13,Redes,Baja,Semi-Senior,10.24,0
3797,Sábado,13,Redes,Alta,Junior,8.28,1
3798,Viernes,3,Software,Baja,Semi-Senior,10.21,0
3799,Viernes,5,Hardware,Baja,Senior,21.13,0
3800,Sábado,10,Hardware,Media,Semi-Senior,,0
3801,Miércoles,2,Redes,Media,Semi-Senior,25.13,0
3802,Domingo,7,Redes,Media,Senior,0.5,0
3803,Martes,2,Software,Baja,Junior,13.17,0
3804,Domingo,13,Redes,Baja,Junior,13.33,1
3805,Martes,12,Software,Media,Junior,13.14,1
3806,Miércoles,12,Acceso,Baja,Semi-Senior,7.76,0
3807,Jueves,1,Software,Media,Senior,9.08,0
3808,Martes,12,Software,Baja,Semi-Senior,12.71,0
3809,Domingo,18,Software,Alta,Senior,8.36,0
3810,Lunes,5,Acceso,Media,Semi-Senior,7.49,1
3811,Sábado,15,Redes,Media,Junior,9.04,0
3812,Sábado,1,Software,Alta,Junior,,1
3813,Miércoles,7,Redes,Media,Senior,14.53,0
3814,Martes,16,Software,Baja,Junior,14.27,0
3815,Jueves,22,Redes,Baja,Semi-Senior,16.25,0
3816,Martes,1,Software,Media,Junior,11.2,0
3817,Sábado,9,Redes,Baja,Junior,21.74,1
3818,Viernes,15,Hardware,Media,Semi-Senior,7.27,1
3819,Lunes,5,Acceso,Baja,Junior,19.36,1
3820,Miércoles,1,Software,Baja,Senior,9.2,0
3821,Viernes,1,Acceso,Media,Semi-Senior,6.21,0
3822,Domingo,12,Software,Alta,Semi-Senior,24.46,0
3823,Jueves,23,Hardware,Media,Semi-Senior,6.99,0
3824,Viernes,14,Hardware,Alta,Semi-Senior,0.5,0
3825,Domingo,1,Acceso,Alta,Senior,0.5,0
3826,Viernes,6,Software,Baja,Junior,13.74,1
3827,Jueves,2,Redes,Baja,Junior,11.45,1
3828,Viernes,7,Software,Media,Junior,8.75,1
3829,Miércoles,22,Redes,Alta,Senior,2.81,0
3830,Sábado,13,Acceso,Media,Senior,4.69,0
3831,Martes,23,Acceso,Alta,Junior,15.47,0
3832,Viernes,22,Hardware,Baja,Semi-Senior,13.68,0
3833,Miércoles,21,Redes,Baja,Junior,19.12,0
3834,Martes,6,Software,Media,Junior,30.59,1
3835,Domingo,20,Hardware,Baja,Semi-Senior,13.17,1
3836,Martes,6,Acceso,Baja,Junior,,1
3837,Domingo,0,Hardware,Baja,Semi-Senior,10.4,1
3838,Viernes,16,Software,Baja,Semi-Senior,15.3,0
3839,Miércoles,8,Software,Media,Semi-Senior,13.03,0
3840,Sábado,20,Acceso,Alta,Semi-Senior,4.05,0
3841,Viernes,12,Hardware,Alta,Semi-Senior,17.75,0
3842,Domingo,20,Redes,Media,Semi-Senior,10.7,0
3843,Jueves,18,Redes,Baja,Junior,23.23,1
3844,Martes,20,Redes,Media,Semi-Senior,10.07,0
3845,Viernes,18,Software,Baja,Junior,19.77,1
3846,Domingo,21,Hardware,Baja,Junior,13.02,1
3847,Martes,16,Redes,Baja,Semi-Senior,23.2,1
3848,Domingo,22,Hardware,Alta,Senior,12.83,0
3849,Miércoles,22,Acceso,Alta,Junior,7.25,0
3850,Lunes,9,Redes,Media,Junior,17.4,1
3851,Viernes,9,Hardware,Media,Junior,7.88,1
3852,Sábado,3,Software,Baja,Junior,21.84,1
3853,Viernes,7,Acceso,Media,Semi-Senior,7.55,0
3854,Martes,21,Acceso,Media,Junior,8.58,0
3855,Miércoles,19,Acceso,Baja,Senior,6.27,1
3856,Domingo,19,Acceso,Baja,Semi-Senior,16.75,1
3857,Jueves,17,Software,Alta,Semi-Senior,13.42,0
3858,Sábado,13,Software,Media,Semi-Senior,2.13,0
3859,Miércoles,17,Redes,Alta,Junior,8.91,0
3860,Viernes,13,Software,Alta,Junior,8.64,0
3861,Jueves,19,Software,Alta,Semi-Senior,0.5,0
3862,Miércoles,20,Acceso,Baja,Junior,14.43,1
3863,Lunes,23,Software,Baja,Semi-Senior,18.94,1
3864,Sábado,14,Acceso,Baja,Junior,12.28,1
3865,Martes,21,Hardware,Baja,Junior,23.95,1
3866,Miércoles,3,Hardware,Media,Junior,15.85,1
3867,Miércoles,12,Hardware,Media,Junior,12.05,1
3868,Lunes,22,Hardware,Media,Senior,0.5,0
3869,Viernes,7,Hardware,Baja,Junior,14.24,1
3870,Domingo,17,Hardware,Alta,Senior,10.24,0
3871,Domingo,11,Hardware,Baja,Semi-Senior,8.35,0
3872,Sábado,22,Acceso,Baja,Senior,5.75,0
3873,Sábado,13,Acceso,Media,Semi-Senior,11.98,0
3874,Martes,1,Acceso,Media,Senior,0.5,0
3875,Miércoles,17,Acceso,Baja,Junior,12.8,1
3876,Jueves,23,Software,Baja,Semi-Senior,17.67,1
3877,Miércoles,1,Software,Media,Junior,6.41,0
3878,Domingo,10,Redes,Baja,Semi-Senior,9.18,1
3879,Martes,8,Software,Baja,Semi-Senior,19.47,1
3880,Miércoles,11,Acceso,Media,Semi-Senior,2.71,0
3881,Lunes,16,Acceso,Baja,Junior,13.43,1
3882,Domingo,14,Hardware,Baja,Junior,28.26,1
3883,Miércoles,16,Hardware,Baja,Semi-Senior,20.29,0
3884,Miércoles,17,Redes,Alta,Semi-Senior,1.2,0
3885,Domingo,21,Software,Alta,Junior,4.81,1
3886,Jueves,5,Acceso,Baja,Senior,9.22,0
3887,Domingo,16,Software,Baja,Senior,12.22,0
3888,Lunes,22,Redes,Baja,Senior,14.37,1
3889,Lunes,23,Hardware,Baja,Senior,10.74,0
3890,Miércoles,17,Acceso,Media,Junior,8.93,0
3891,Sábado,7,Hardware,Media,Senior,12.1,0
3892,Jueves,8,Acceso,Baja,Semi-Senior,12.83,1
3893,Miércoles,5,Hardware,Baja,Junior,17.61,1
3894,Domingo,4,Hardware,Baja,Senior,8.01,0
3895,Miércoles,11,Redes,Baja,Junior,26.7,1
3896,Martes,10,Software,Baja,Semi-Senior,11.18,0
3897,Martes,0,Hardware,Media,Junior,,0
3898,Sábado,10,Acceso,Media,Semi-Senior,2.42,0
3899,Jueves,18,Software,Media,Semi-Senior,2.8,0
3900,Viernes,8,Software,Baja,Semi-Senior,13.85,0
3901,Martes,1,Hardware,Media,Junior,13.34,0
3902,Viernes,11,Hardware,Baja,Semi-Senior,,1
3903,Lunes,3,Hardware,Baja,Semi-Senior,13.75,1
3904,Martes,3,Software,Media,Junior,8.11,0
3905,Martes,17,Redes,Baja,Senior,25.85,1
3906,Jueves,14,Hardware,Media,Semi-Senior,16.37,0
3907,Sábado,18,Software,Media,Senior,1.18,0
3908,Viernes,12,Software,Alta,Junior,3.69,0
3909,Domingo,18,Acceso,Alta,Junior,6.76,0
3910,Martes,16,Hardware,Baja,Junior,10.56,1
3911,Martes,5,Redes,Alta,Semi-Senior,0.5,0
3912,Jueves,15,Acceso,Media,Junior,19.19,1
3913,Jueves,23,Hardware,Media,Semi-Senior,8.98,0
3914,Sábado,11,Acceso,Baja,Junior,16.31,1
3915,Viernes,18,Hardware,Alta,Junior,9.84,0
3916,Lunes,4,Acceso,Baja,Semi-Senior,9.2,0
3917,Domingo,16,Redes,Alta,Senior,5.0,0
3918,Sábado,22,Acceso,Baja,Junior,31.77,1
3919,Lunes,0,Acceso,Media,Semi-Senior,10.19,0
3920,Miércoles,23,Acceso,Baja,Semi-Senior,7.94,0
3921,Martes,22,Hardware,Baja,Semi-Senior,11.36,1
3922,Viernes,9,Hardware,Baja,Senior,16.49,0
3923,Sábado,14,Redes,Baja,Senior,,0
3924,Martes,22,Acceso,Baja,Junior,,1
3925,Viernes,20,Software,Baja,Semi-Senior,9.67,1
3926,Viernes,20,Acceso,Media,Semi-Senior,16.14,1
3927,Viernes,10,Software,Alta,Semi-Senior,6.86,0
3928,Martes,12,Software,Media,Junior,8.67,1
3929,Sábado,4,Acceso,Baja,Senior,12.55,0
3930,Domingo,0,Software,Baja,Semi-Senior,13.77,0
3931,Jueves,23,Software,Baja,Junior,10.35,1
3932,Martes,11,Acceso,Alta,Junior,5.61,0
3933,Viernes,10,Hardware,Alta,Senior,8.22,0
3934,Sábado,16,Acceso,Baja,Junior,19.87,1
3935,Domingo,3,Redes,Baja,Semi-Senior,10.94,1
3936,Miércoles,14,Software,Alta,Junior,11.92,0
3937,Lunes,8,Redes,Alta,Junior,18.32,0
3938,Viernes,20,Software,Alta,Junior,7.24,0
3939,Miércoles,19,Hardware,Alta,Junior,7.27,0
3940,Jueves,18,Software,Baja,Junior,19.6,0
3941,Domingo,18,Acceso,Baja,Semi-Senior,14.24,0
3942,Domingo,11,Software,Baja,Semi-Senior,25.49,1
3943,Viernes,4,Redes,Baja,Junior,25.96,1
3944,Domingo,9,Acceso,Baja,Semi-Senior,8.67,0
3945,Miércoles,16,Redes,Media,Semi-Senior,6.99,0
3946,Viernes,4,Hardware,Baja,Semi-Senior,8.53,0
3947,Martes,21,Redes,Baja,Semi-Senior,10.91,1
3948,Sábado,15,Redes,Baja,Semi-Senior,18.42,1
3949,Miércoles,6,Redes,Baja,Senior,6.44,1
3950,Sábado,8,Acceso,Baja,Semi-Senior,26.34,1
3951,Martes,2,Hardware,Alta,Junior,15.35,0
3952,Martes,14,Hardware,Alta,Semi-Senior,4.06,0
3953,Sábado,15,Hardware,Baja,Junior,13.54,1
3954,Miércoles,17,Redes,Media,Junior,18.9,0
3955,Sábado,13,Acceso,Baja,Semi-Senior,11.02,0
3956,Sábado,2,Acceso,Media,Semi-Senior,6.75,0
3957,Lunes,11,Acceso,Baja,Junior,17.3,1
3958,Miércoles,8,Redes,Baja,Senior,9.94,0
3959,Lunes,6,Hardware,Alta,Junior,7.92,0
3960,Viernes,8,Redes,Baja,Junior,17.9,1
3961,Domingo,12,Acceso,Baja,Senior,9.16,0
3962,Sábado,17,Redes,Baja,Semi-Senior,8.49,1
3963,Viernes,4,Software,Baja,Senior,7.36,0
3964,Miércoles,12,Hardware,Baja,Senior,23.55,1
3965,Sábado,3,Hardware,Alta,Senior,0.5,0
3966,Domingo,1,Acceso,Media,Junior,8.36,0
3967,Viernes,15,Redes,Media,Junior,20.59,1
3968,Jueves,8,Acceso,Baja,Semi-Senior,7.91,0
3969,Martes,8,Redes,Baja,Semi-Senior,18.66,0
3970,Sábado,5,Software,Baja,Semi-Senior,9.6,1
3971,Domingo,10,Hardware,Baja,Junior,12.32,0
3972,Martes,21,Hardware,Media,Junior,21.78,1
3973,Lunes,23,Redes,Baja,Semi-Senior,13.61,1
3974,Viernes,21,Hardware,Alta,Junior,4.81,0
3975,Lunes,0,Redes,Baja,Junior,31.61,1
3976,Domingo,3,Acceso,Baja,Junior,12.41,0
3977,Sábado,12,Software,Baja,Junior,17.76,0
3978,Martes,22,Redes,Baja,Semi-Senior,8.86,0
3979,Martes,12,Software,Baja,Semi-Senior,18.09,1
3980,Viernes,12,Acceso,Baja,Junior,21.36,1
3981,Sábado,1,Acceso,Baja,Junior,17.1,1
3982,Jueves,8,Acceso,Media,Semi-Senior,13.2,0
3983,Jueves,23,Redes,Media,Junior,5.58,1
3984,Viernes,7,Software,Baja,Senior,12.39,1
3985,Sábado,6,Software,Baja,Semi-Senior,16.19,0
3986,Viernes,3,Hardware,Media,Senior,,0
3987,Sábado,17,Redes,Alta,Semi-Senior,7.24,0
3988,Domingo,2,Hardware,Media,Junior,11.22,1
3989,Domingo,5,Hardware,Baja,Semi-Senior,20.76,0
3990,Lunes,11,Redes,Media,Junior,11.9,1
3991,Viernes,11,Hardware,Media,Junior,10.51,0
3992,Sábado,20,Hardware,Baja,Junior,12.59,1
3993,Jueves,7,Hardware,Alta,Semi-Senior,5.97,0
3994,Sábado,21,Acceso,Baja,Junior,21.72,1
3995,Domingo,21,Redes,Alta,Junior,22.83,0
3996,Sábado,0,Acceso,Media,Semi-Senior,7.91,0
3997,Viernes,3,Hardware,Media,Senior,14.74,0
3998,Lunes,20,Hardware,Media,Junior,10.81,0
3999,Lunes,10,Acceso,Baja,Semi-Senior,8.15,0
4000,Lunes,2,Hardware,Media,Junior,39.99,1
4001,Lunes,12,Redes,Alta,Senior,6.62,0
4002,Domingo,16,Software,Media,Junior,5.74,0
4003,Miércoles,21,Acceso,Alta,Senior,8.22,0
4004,Viernes,21,Software,Alta,Junior,6.79,0
4005,Martes,9,Software,Alta,Senior,0.5,0
4006,Viernes,20,Software,Media,Junior,20.88,0
4007,Miércoles,11,Acceso,Media,Junior,7.22,0
4008,Lunes,14,Hardware,Baja,Junior,11.26,0
4009,Miércoles,20,Redes,Media,Junior,7.36,1
4010,Jueves,9,Hardware,Baja,Senior,15.18,1
4011,Jueves,13,Redes,Baja,Semi-Senior,15.12,1
4012,Domingo,12,Hardware,Baja,Semi-Senior,16.66,1
4013,Viernes,4,Software,Alta,Senior,10.15,0
4014,Viernes,5,Software,Alta,Semi-Senior,6.41,0
4015,Martes,23,Redes,Media,Senior,0.79,0
4016,Domingo,1,Acceso,Baja,Junior,14.38,1
4017,Martes,21,Hardware,Media,Senior,12.51,0
4018,Jueves,16,Software,Media,Junior,4.18,0
4019,Lunes,3,Redes,Baja,Semi-Senior,17.02,0
4020,Miércoles,13,Hardware,Baja,Semi-Senior,9.27,1
4021,Martes,9,Redes,Baja,Semi-Senior,26.28,1
4022,Sábado,2,Acceso,Media,Semi-Senior,1.77,0
4023,Martes,2,Acceso,Media,Junior,9.15,1
4024,Lunes,14,Hardware,Baja,Senior,20.44,1
4025,Lunes,5,Acceso,Alta,Senior,8.32,0
4026,Viernes,16,Hardware,Baja,Senior,7.88,0
4027,Miércoles,11,Hardware,Baja,Senior,9.9,1
4028,Lunes,21,Acceso,Baja,Semi-Senior,25.61,1
4029,Domingo,19,Redes,Baja,Senior,7.15,0
4030,Martes,23,Redes,Baja,Senior,16.41,1
4031,Martes,10,Hardware,Baja,Semi-Senior,8.37,0
4032,Jueves,3,Software,Media,Semi-Senior,4.51,0
4033,Lunes,5,Hardware,Baja,Senior,11.77,0
4034,Sábado,0,Redes,Media,Semi-Senior,6.74,0
4035,Viernes,19,Hardware,Media,Semi-Senior,9.48,0
4036,Miércoles,22,Redes,Baja,Junior,15.31,1
4037,Sábado,15,Acceso,Media,Senior,3.66,0
4038,Viernes,14,Hardware,Baja,Senior,10.65,1
4039,Martes,16,Hardware,Alta,Junior,7.93,0
4040,Sábado,7,Acceso,Alta,Junior,21.28,0
4041,Viernes,11,Acceso,Baja,Junior,14.81,0
4042,Martes,21,Software,Alta,Semi-Senior,4.68,0
4043,Martes,20,Acceso,Media,Junior,33.69,1
4044,Martes,9,Software,Alta,Semi-Senior,7.29,0
4045,Martes,14,Acceso,Media,Senior,0.5,0
4046,Domingo,8,Redes,Baja,Semi-Senior,13.23,0
4047,Martes,1,Hardware,Alta,Junior,13.73,0
4048,Jueves,4,Acceso,Baja,Senior,13.13,0
4049,Sábado,5,Redes,Baja,Semi-Senior,18.34,1
4050,Viernes,6,Acceso,Baja,Junior,31.93,1
4051,Jueves,20,Hardware,Baja,Semi-Senior,13.59,0
4052,Domingo,0,Acceso,Media,Semi-Senior,2.82,0
4053,Jueves,22,Acceso,Media,Senior,,0
4054,Lunes,6,Hardware,Alta,Senior,1.81,0
4055,Lunes,19,Acceso,Baja,Junior,31.62,1
4056,Lunes,11,Hardware,Alta,Junior,6.29,0
4057,Miércoles,15,Software,Alta,Junior,9.64,0
4058,Lunes,15,Acceso,Baja,Semi-Senior,18.8,1
4059,Viernes,10,Redes,Baja,Semi-Senior,8.55,0
4060,Jueves,20,Acceso,Alta,Semi-Senior,20.69,0
4061,Viernes,3,Hardware,Media,Junior,17.63,0
4062,Sábado,12,Hardware,Media,Senior,15.32,0
4063,Lunes,6,Redes,Media,Senior,1.28,0
4064,Domingo,3,Redes,Baja,Junior,17.15,1
4065,Miércoles,14,Hardware,Baja,Semi-Senior,16.94,1
4066,Sábado,18,Software,Media,Semi-Senior,5.68,0
4067,Domingo,8,Software,Baja,Junior,,1
4068,Miércoles,10,Hardware,Media,Junior,14.05,0
4069,Sábado,7,Software,Alta,Junior,4.78,0
4070,Jueves,0,Redes,Media,Junior,14.04,0
4071,Viernes,22,Software,Alta,Semi-Senior,1.36,0
4072,Martes,23,Redes,Baja,Junior,18.08,1
4073,Viernes,7,Acceso,Media,Junior,11.67,0
4074,Lunes,12,Redes,Media,Semi-Senior,2.19,0
4075,Domingo,21,Acceso,Alta,Junior,4.28,0
4076,Martes,3,Redes,Media,Semi-Senior,25.28,0
4077,Miércoles,7,Redes,Baja,Semi-Senior,11.98,0
4078,Jueves,2,Software,Alta,Semi-Senior,1.17,0
4079,Jueves,8,Redes,Media,Senior,10.18,0
4080,Miércoles,1,Hardware,Baja,Junior,14.16,1
4081,Lunes,1,Acceso,Media,Semi-Senior,8.57,0
4082,Miércoles,12,Acceso,Alta,Junior,11.12,0
4083,Sábado,14,Redes,Media,Senior,8.65,0
4084,Domingo,22,Hardware,Baja,Senior,6.52,0
4085,Domingo,11,Redes,Alta,Junior,19.4,0
4086,Lunes,3,Redes,Media,Semi-Senior,,0
4087,Martes,7,Software,Media,Junior,11.62,0
4088,Miércoles,8,Redes,Baja,Senior,9.18,0
4089,Lunes,22,Redes,Baja,Junior,20.31,1
4090,Domingo,4,Software,Media,Senior,11.73,0
4091,Martes,23,Software,Alta,Junior,4.74,1
4092,Miércoles,19,Hardware,Baja,Semi-Senior,15.18,1
4093,Jueves,17,Software,Baja,Senior,9.27,0
4094,Miércoles,10,Acceso,Baja,Senior,13.65,0
4095,Viernes,14,Acceso,Media,Junior,11.84,0
4096,Miércoles,21,Hardware,Baja,Semi-Senior,17.7,1
4097,Viernes,8,Redes,Baja,Junior,18.79,1
4098,Martes,16,Hardware,Baja,Semi-Senior,7.62,0
4099,Miércoles,11,Software,Media,Junior,18.69,0
4100,Martes,6,Redes,Baja,Junior,15.22,1
4101,Martes,9,Hardware,Baja,Semi-Senior,17.43,0
4102,Domingo,9,Hardware,Alta,Junior,5.56,0
4103,Lunes,12,Acceso,Baja,Semi-Senior,7.85,1
4104,Martes,18,Hardware,Baja,Junior,23.4,1
4105,Martes,10,Redes,Alta,Junior,9.48,0
4106,Domingo,12,Hardware,Baja,Semi-Senior,11.09,0
4107,Domingo,20,Hardware,Media,Junior,8.16,1
4108,Miércoles,7,Software,Baja,Junior,22.61,1
4109,Domingo,7,Hardware,Media,Semi-Senior,16.44,0
4110,Miércoles,3,Redes,Baja,Semi-Senior,26.93,0
4111,Jueves,14,Acceso,Alta,Semi-Senior,0.5,0
4112,Domingo,10,Acceso,Baja,Junior,14.77,1
4113,Lunes,10,Acceso,Baja,Junior,22.18,1
4114,Martes,0,Acceso,Media,Senior,1.07,0
4115,Lunes,16,Software,Alta,Senior,6.36,0
4116,Viernes,14,Redes,Baja,Junior,37.85,1
4117,Domingo,19,Software,Alta,Semi-Senior,1.32,0
4118,Martes,5,Acceso,Baja,Junior,18.48,1
4119,Lunes,23,Software,Media,Junior,4.45,1
4120,Domingo,21,Hardware,Baja,Junior,15.63,1
4121,Domingo,14,Redes,Media,Semi-Senior,8.31,0
4122,Jueves,8,Hardware,Baja,Junior,18.67,1
4123,Jueves,13,Software,Baja,Senior,12.57,0
4124,Martes,17,Hardware,Baja,Semi-Senior,8.51,0
4125,Viernes,16,Software,Baja,Junior,15.46,1
4126,Jueves,17,Software,Alta,Semi-Senior,3.27,0
4127,Jueves,4,Redes,Alta,Junior,11.78,0
4128,Viernes,19,Redes,Media,Semi-Senior,18.9,1
4129,Lunes,19,Redes,Baja,Junior,10.2,1
4130,Jueves,8,Acceso,Baja,Junior,16.67,1
4131,Miércoles,10,Redes,Media,Junior,15.98,0
4132,Sábado,23,Hardware,Alta,Junior,18.45,0
4133,Sábado,21,Redes,Baja,Junior,18.96,1
4134,Jueves,0,Redes,Alta,Junior,21.66,1
4135,Lunes,17,Redes,Alta,Senior,0.5,0
4136,Domingo,5,Software,Alta,Junior,3.5,1
4137,Lunes,1,Software,Baja,Junior,12.11,1
4138,Martes,14,Redes,Baja,Senior,,1
4139,Miércoles,20,Software,Baja,Semi-Senior,21.55,1
4140,Lunes,13,Software,Media,Semi-Senior,5.91,0
4141,Viernes,4,Acceso,Baja,Junior,12.44,1
4142,Miércoles,5,Hardware,Baja,Semi-Senior,15.59,0
4143,Sábado,5,Software,Media,Junior,20.29,0
4144,Miércoles,21,Hardware,Baja,Semi-Senior,23.22,1
4145,Viernes,17,Software,Baja,Senior,19.01,1
4146,Jueves,13,Redes,Media,Semi-Senior,12.55,0
4147,Viernes,9,Software,Media,Junior,8.69,0
4148,Viernes,13,Software,Media,Semi-Senior,8.12,1
4149,Jueves,12,Hardware,Baja,Semi-Senior,21.7,1
4150,Jueves,2,Redes,Media,Semi-Senior,4.78,0
4151,Jueves,5,Acceso,Media,Semi-Senior,13.57,0
4152,Jueves,7,Hardware,Baja,Semi-Senior,24.45,0
4153,Jueves,11,Redes,Media,Semi-Senior,3.61,0
4154,Viernes,12,Redes,Baja,Senior,15.24,0
4155,Martes,10,Hardware,Baja,Senior,6.15,0
4156,Martes,11,Software,Baja,Junior,17.42,1
4157,Lunes,0,Redes,Baja,Semi-Senior,26.77,1
4158,Martes,16,Acceso,Baja,Junior,13.14,1
4159,Sábado,15,Software,Alta,Semi-Senior,0.5,0
4160,Martes,10,Hardware,Baja,Junior,,0
4161,Viernes,12,Hardware,Alta,Semi-Senior,,0
4162,Jueves,17,Hardware,Media,Semi-Senior,,0
4163,Jueves,10,Hardware,Baja,Junior,29.26,1
4164,Domingo,11,Acceso,Baja,Senior,8.91,0
4165,Domingo,5,Acceso,Media,Semi-Senior,4.03,0
4166,Domingo,8,Redes,Media,Junior,7.01,0
4167,Viernes,15,Acceso,Baja,Semi-Senior,10.45,1
4168,Sábado,3,Hardware,Baja,Senior,5.65,0
4169,Martes,2,Acceso,Media,Junior,4.99,0
4170,Viernes,15,Software,Baja,Semi-Senior,13.13,0
4171,Lunes,23,Software,Alta,Semi-Senior,11.55,0
4172,Jueves,11,Redes,Media,Senior,9.12,0
4173,Domingo,10,Hardware,Baja,Semi-Senior,10.17,0
4174,Miércoles,4,Acceso,Baja,Semi-Senior,21.66,0
4175,Lunes,17,Redes,Baja,Senior,10.18,1
4176,Domingo,18,Redes,Alta,Senior,0.5,0
4177,Sábado,22,Acceso,Baja,Semi-Senior,15.43,1
4178,Lunes,22,Redes,Baja,Junior,14.12,1
4179,Viernes,5,Hardware,Media,Junior,14.8,0
4180,Martes,21,Acceso,Baja,Semi-Senior,12.32,1
4181,Jueves,17,Software,Baja,Semi-Senior,18.84,1
4182,Sábado,5,Software,Alta,Junior,17.05,1
4183,Sábado,3,Acceso,Baja,Junior,15.29,1
4184,Miércoles,11,Redes,Alta,Semi-Senior,1.68,0
4185,Lunes,18,Redes,Alta,Junior,6.73,0
4186,Miércoles,1,Software,Baja,Junior,13.96,1
4187,Martes,16,Software,Baja,Junior,15.8,1
4188,Domingo,10,Hardware,Baja,Semi-Senior,13.84,1
4189,Martes,10,Redes,Media,Semi-Senior,9.91,0
4190,Domingo,20,Hardware,Baja,Junior,17.96,1
4191,Miércoles,15,Software,Alta,Junior,7.93,0
4192,Jueves,1,Software,Media,Semi-Senior,9.86,0
4193,Martes,1,Software,Baja,Semi-Senior,10.93,0
4194,Miércoles,22,Software,Media,Semi-Senior,5.81,0
4195,Lunes,7,Hardware,Baja,Junior,13.11,1
4196,Miércoles,12,Software,Alta,Semi-Senior,0.5,0
4197,Miércoles,9,Acceso,Media,Senior,4.24,0
4198,Viernes,7,Redes,Baja,Junior,16.6,1
4199,Martes,3,Software,Baja,Semi-Senior,10.15,0
4200,Jueves,14,Redes,Alta,Junior,,0
4201,Jueves,0,Software,Media,Junior,27.99,1
4202,Viernes,10,Hardware,Alta,Junior,4.67,0
4203,Domingo,6,Redes,Baja,Semi-Senior,18.75,1
4204,Sábado,16,Hardware,Baja,Junior,21.15,1
4205,Domingo,19,Software,Baja,Junior,12.7,1
4206,Jueves,23,Acceso,Media,Junior,6.54,0
4207,Miércoles,17,Acceso,Baja,Junior,11.91,1
4208,Viernes,21,Acceso,Baja,Semi-Senior,25.69,1
4209,Lunes,21,Acceso,Media,Junior,25.14,1
4210,Martes,11,Acceso,Media,Junior,,1
4211,Martes,8,Hardware,Baja,Semi-Senior,18.71,0
4212,Martes,4,Acceso,Baja,Semi-Senior,13.18,1
4213,Miércoles,9,Software,Media,Semi-Senior,7.52,0
4214,Lunes,3,Hardware,Baja,Junior,10.88,1
4215,Viernes,4,Hardware,Baja,Semi-Senior,9.49,1
4216,Viernes,9,Acceso,Baja,Junior,13.97,1
4217,Martes,10,Redes,Media,Junior,6.27,0
4218,Lunes,20,Software,Alta,Semi-Senior,6.96,0
4219,Lunes,23,Hardware,Baja,Senior,9.05,0
4220,Lunes,9,Software,Baja,Semi-Senior,11.14,0
4221,Jueves,7,Redes,Alta,Junior,11.3,0
4222,Jueves,1,Hardware,Alta,Senior,2.15,0
4223,Martes,22,Software,Media,Junior,11.16,1
4224,Lunes,7,Acceso,Alta,Senior,0.5,0
4225,Sábado,15,Hardware,Media,Junior,6.37,0
4226,Lunes,21,Hardware,Media,Junior,5.65,0
4227,Viernes,4,Hardware,Baja,Semi-Senior,25.65,1
4228,Viernes,2,Hardware,Baja,Senior,17.3,0
4229,Martes,11,Acceso,Baja,Senior,8.99,0
4230,Sábado,12,Redes,Alta,Semi-Senior,3.49,1
4231,Lunes,12,Redes,Alta,Semi-Senior,15.27,0
4232,Domingo,9,Software,Media,Semi-Senior,5.94,0
4233,Sábado,3,Acceso,Baja,Semi-Senior,12.28,0
4234,Martes,8,Acceso,Baja,Senior,11.02,0
4235,Viernes,21,Software,Baja,Junior,16.49,1
4236,Domingo,23,Acceso,Baja,Junior,11.51,0
4237,Viernes,22,Acceso,Media,Senior,1.9,0
4238,Jueves,1,Hardware,Alta,Senior,0.5,0
4239,Martes,18,Hardware,Baja,Junior,13.93,1
4240,Martes,0,Hardware,Baja,Junior,18.19,1
4241,Lunes,6,Acceso,Media,Senior,8.23,0
4242,Lunes,16,Acceso,Baja,Semi-Senior,12.11,0
4243,Jueves,2,Redes,Alta,Semi-Senior,2.14,0
4244,Domingo,19,Hardware,Baja,Junior,13.24,0
4245,Miércoles,19,Software,Baja,Senior,9.31,0
4246,Sábado,20,Acceso,Baja,Junior,17.02,1
4247,Miércoles,2,Hardware,Baja,Junior,13.2,0
4248,Miércoles,2,Redes,Media,Junior,9.84,0
4249,Martes,16,Hardware,Baja,Senior,7.25,0
4250,Sábado,6,Redes,Baja,Semi-Senior,16.48,0
4251,Martes,13,Redes,Baja,Semi-Senior,10.14,0
4252,Sábado,16,Acceso,Baja,Junior,15.21,1
4253,Viernes,17,Redes,Baja,Senior,11.46,0
4254,Martes,12,Redes,Media,Semi-Senior,,0
4255,Martes,19,Software,Media,Semi-Senior,5.21,0
4256,Martes,19,Redes,Alta,Senior,0.5,0
4257,Domingo,20,Software,Baja,Junior,20.53,1
4258,Jueves,17,Software,Baja,Semi-Senior,,0
4259,Martes,3,Hardware,Baja,Senior,6.63,0
4260,Lunes,0,Hardware,Baja,Semi-Senior,11.44,1
4261,Lunes,17,Acceso,Media,Semi-Senior,6.56,0
4262,Sábado,0,Acceso,Alta,Junior,22.9,0
4263,Viernes,12,Acceso,Media,Semi-Senior,2.35,0
4264,Jueves,19,Redes,Baja,Semi-Senior,9.17,0
4265,Domingo,19,Hardware,Baja,Junior,18.23,1
4266,Sábado,22,Redes,Alta,Senior,3.11,0
4267,Lunes,9,Hardware,Baja,Junior,25.54,1
4268,Jueves,10,Redes,Baja,Junior,,1
4269,Jueves,8,Acceso,Alta,Semi-Senior,9.48,0
4270,Viernes,8,Hardware,Media,Semi-Senior,9.86,0
4271,Jueves,4,Hardware,Media,Junior,6.25,0
4272,Martes,0,Software,Baja,Junior,15.41,1
4273,Jueves,16,Hardware,Baja,Junior,13.62,1
4274,Viernes,21,Hardware,Baja,Junior,12.23,1
4275,Sábado,1,Redes,Media,Junior,13.87,0
4276,Viernes,23,Acceso,Baja,Junior,25.18,1
4277,Domingo,12,Software,Alta,Junior,10.6,0
4278,Viernes,8,Redes,Alta,Semi-Senior,2.13,0
4279,Lunes,3,Hardware,Media,Senior,4.46,0
4280,Martes,4,Redes,Baja,Semi-Senior,19.28,1
4281,Lunes,10,Acceso,Baja,Semi-Senior,24.48,1
4282,Sábado,23,Software,Media,Junior,9.3,1
4283,Miércoles,18,Redes,Media,Semi-Senior,9.71,1
4284,Sábado,20,Hardware,Media,Semi-Senior,7.4,1
4285,Martes,2,Redes,Baja,Semi-Senior,8.14,0
4286,Jueves,11,Hardware,Media,Junior,15.42,0
4287,Viernes,18,Software,Media,Junior,,1
4288,Miércoles,18,Software,Baja,Semi-Senior,19.45,1
4289,Martes,12,Redes,Media,Semi-Senior,7.49,0
4290,Lunes,6,Software,Media,Senior,1.49,0
4291,Viernes,14,Acceso,Baja,Junior,15.88,1
4292,Sábado,22,Redes,Baja,Junior,14.15,1
4293,Lunes,6,Hardware,Media,Semi-Senior,6.88,0
4294,Martes,7,Redes,Baja,Senior,10.25,0
4295,Martes,4,Hardware,Media,Junior,26.13,1
4296,Sábado,20,Software,Media,Semi-Senior,29.53,0
4297,Miércoles,13,Hardware,Alta,Junior,4.19,0
4298,Sábado,3,Hardware,Media,Semi-Senior,6.35,0
4299,Jueves,22,Hardware,Baja,Semi-Senior,,0
4300,Lunes,9,Hardware,Baja,Senior,7.33,0
4301,Miércoles,19,Acceso,Alta,Junior,8.61,0
4302,Viernes,14,Hardware,Baja,Junior,16.48,1
4303,Domingo,17,Redes,Media,Semi-Senior,15.14,0
4304,Jueves,19,Acceso,Media,Junior,19.29,0
4305,Miércoles,12,Hardware,Baja,Semi-Senior,9.75,1
4306,Domingo,7,Hardware,Baja,Semi-Senior,13.3,0
4307,Domingo,8,Hardware,Media,Junior,12.25,0
4308,Lunes,15,Acceso,Alta,Senior,0.5,0
4309,Martes,18,Hardware,Baja,Junior,15.18,1
4310,Viernes,15,Hardware,Alta,Senior,0.5,0
4311,Sábado,6,Hardware,Media,Senior,5.12,0
4312,Lunes,13,Software,Alta,Semi-Senior,1.71,0
4313,Jueves,13,Redes,Baja,Junior,18.35,1
4314,Domingo,3,Hardware,Baja,Senior,9.55,0
4315,Jueves,14,Redes,Alta,Semi-Senior,7.8,0
4316,Domingo,2,Software,Alta,Junior,23.57,1
4317,Martes,4,Software,Baja,Junior,12.52,0
4318,Martes,0,Hardware,Media,Junior,11.96,0
4319,Viernes,2,Redes,Alta,Senior,1.97,0
4320,Sábado,14,Acceso,Baja,Senior,13.34,0
4321,Viernes,23,Hardware,Media,Senior,,0
4322,Martes,7,Acceso,Alta,Semi-Senior,1.35,0
4323,Martes,3,Software,Baja,Semi-Senior,,1
4324,Jueves,1,Software,Baja,Junior,17.07,0
4325,Martes,23,Redes,Media,Junior,10.94,1
4326,Miércoles,23,Acceso,Baja,Junior,16.25,1
4327,Domingo,9,Acceso,Baja,Semi-Senior,16.94,1
4328,Lunes,3,Hardware,Alta,Senior,0.55,0
4329,Martes,2,Redes,Media,Senior,7.18,0
4330,Viernes,1,Redes,Alta,Junior,8.84,0
4331,Sábado,16,Acceso,Alta,Semi-Senior,3.38,0
4332,Domingo,22,Software,Baja,Semi-Senior,12.92,0
4333,Domingo,20,Redes,Baja,Semi-Senior,16.36,1
4334,Sábado,23,Software,Baja,Semi-Senior,30.6,1
4335,Sábado,19,Hardware,Baja,Junior,17.61,1
4336,Domingo,22,Redes,Media,Senior,4.49,0
4337,Miércoles,12,Redes,Media,Semi-Senior,5.9,0
4338,Viernes,4,Hardware,Baja,Semi-Senior,10.16,0
4339,Miércoles,20,Redes,Baja,Junior,28.51,1
4340,Martes,8,Acceso,Baja,Junior,45.89,1
4341,Lunes,21,Acceso,Media,Junior,9.43,0
4342,Sábado,5,Hardware,Baja,Semi-Senior,9.71,0
4343,Viernes,4,Software,Baja,Senior,5.6,0
4344,Sábado,9,Software,Media,Semi-Senior,24.8,1
4345,Miércoles,7,Redes,Baja,Semi-Senior,19.3,1
4346,Jueves,6,Software,Baja,Semi-Senior,11.57,0
4347,Martes,6,Software,Media,Junior,14.42,0
4348,Lunes,5,Hardware,Baja,Semi-Senior,12.19,1
4349,Martes,20,Software,Media,Semi-Senior,3.46,0
4350,Jueves,19,Software,Baja,Junior,,1
4351,Lunes,2,Software,Baja,Junior,22.85,1
4352,Jueves,18,Acceso,Baja,Semi-Senior,,0
4353,Martes,21,Acceso,Alta,Junior,3.51,0
4354,Miércoles,14,Hardware,Media,Senior,8.26,0
4355,Domingo,3,Redes,Alta,Semi-Senior,0.5,0
4356,Martes,11,Hardware,Media,Junior,7.09,0
4357,Martes,5,Redes,Media,Junior,14.35,1
4358,Martes,18,Redes,Baja,Senior,12.72,0
4359,Viernes,3,Software,Baja,Semi-Senior,11.94,0
4360,Jueves,14,Software,Baja,Semi-Senior,11.14,0
4361,Jueves,8,Hardware,Baja,Junior,14.1,0
4362,Sábado,4,Hardware,Baja,Senior,6.43,1
4363,Jueves,12,Hardware,Baja,Semi-Senior,14.66,0
4364,Sábado,22,Acceso,Baja,Semi-Senior,10.87,0
4365,Viernes,17,Acceso,Baja,Senior,10.28,0
4366,Miércoles,4,Acceso,Baja,Junior,13.26,1
4367,Sábado,15,Acceso,Media,Semi-Senior,1.58,0
4368,Martes,18,Acceso,Alta,Junior,4.88,0
4369,Miércoles,13,Software,Baja,Semi-Senior,8.99,1
4370,Domingo,15,Redes,Baja,Junior,20.94,1
4371,Viernes,14,Acceso,Baja,Senior,16.85,1
4372,Jueves,21,Hardware,Alta,Junior,4.25,0
4373,Sábado,3,Redes,Baja,Semi-Senior,14.45,0
4374,Martes,6,Acceso,Media,Senior,,0
4375,Lunes,15,Acceso,Baja,Senior,8.28,0
4376,Domingo,23,Software,Baja,Semi-Senior,25.16,1
4377,Lunes,21,Software,Baja,Semi-Senior,11.03,0
4378,Miércoles,20,Software,Baja,Junior,21.72,1
4379,Jueves,21,Acceso,Alta,Junior,,0
4380,Lunes,20,Software,Baja,Semi-Senior,13.62,0
4381,Miércoles,7,Acceso,Media,Junior,8.45,1
4382,Viernes,16,Redes,Media,Junior,9.55,1
4383,Miércoles,15,Redes,Media,Junior,,1
4384,Domingo,22,Acceso,Baja,Semi-Senior,21.76,1
4385,Miércoles,9,Hardware,Baja,Semi-Senior,11.38,0
4386,Domingo,9,Acceso,Baja,Junior,18.97,0
4387,Miércoles,1,Redes,Baja,Junior,23.39,1
4388,Martes,8,Redes,Media,Semi-Senior,13.33,1
4389,Miércoles,16,Acceso,Baja,Semi-Senior,15.03,0
4390,Sábado,10,Acceso,Media,Semi-Senior,0.68,0
4391,Miércoles,9,Acceso,Baja,Senior,23.83,1
4392,Martes,21,Redes,Alta,Junior,14.84,0
4393,Martes,16,Hardware,Baja,Junior,16.06,1
4394,Viernes,3,Acceso,Baja,Junior,17.84,0
4395,Domingo,15,Redes,Alta,Semi-Senior,10.76,1
4396,Jueves,19,Acceso,Baja,Semi-Senior,22.33,1
4397,Lunes,14,Redes,Alta,Junior,7.43,0
4398,Lunes,20,Acceso,Baja,Semi-Senior,9.88,1
4399,Miércoles,4,Redes,Baja,Semi-Senior,11.78,0
4400,Viernes,5,Acceso,Media,Senior,8.52,0
4401,Miércoles,16,Software,Alta,Semi-Senior,2.98,0
4402,Lunes,0,Acceso,Baja,Semi-Senior,7.58,0
4403,Domingo,18,Redes,Alta,Semi-Senior,6.04,0
4404,Domingo,3,Acceso,Media,Senior,8.58,0
4405,Domingo,16,Hardware,Alta,Senior,,0
4406,Martes,8,Acceso,Baja,Semi-Senior,14.88,0
4407,Jueves,23,Acceso,Baja,Semi-Senior,17.87,1
4408,Viernes,1,Acceso,Alta,Semi-Senior,11.92,0
4409,Martes,7,Hardware,Alta,Semi-Senior,8.56,0
4410,Jueves,14,Hardware,Baja,Semi-Senior,14.9,0
4411,Viernes,6,Hardware,Baja,Junior,19.5,1
4412,Viernes,5,Software,Baja,Senior,6.16,0
4413,Lunes,0,Hardware,Media,Semi-Senior,3.17,0
4414,Martes,14,Software,Baja,Senior,,1
4415,Viernes,22,Acceso,Baja,Semi-Senior,20.26,1
4416,Sábado,6,Software,Baja,Semi-Senior,12.19,0
4417,Domingo,16,Acceso,Media,Junior,13.61,0
4418,Viernes,1,Software,Baja,Semi-Senior,10.35,1
4419,Jueves,8,Hardware,Baja,Semi-Senior,16.15,0
4420,Lunes,8,Hardware,Media,Junior,17.11,0
4421,Miércoles,12,Software,Media,Senior,14.01,1
4422,Domingo,5,Software,Baja,Junior,18.5,1
4423,Lunes,5,Hardware,Baja,Semi-Senior,8.11,0
4424,Miércoles,19,Acceso,Media,Junior,18.11,1
4425,Martes,19,Acceso,Alta,Senior,5.48,0
4426,Martes,20,Acceso,Media,Junior,7.43,0
4427,Viernes,2,Acceso,Alta,Semi-Senior,1.24,0
4428,Sábado,16,Redes,Media,Junior,19.29,1
4429,Martes,16,Acceso,Media,Semi-Senior,4.23,0
4430,Viernes,11,Redes,Baja,Senior,14.13,0
4431,Domingo,15,Redes,Baja,Junior,25.81,1
4432,Lunes,14,Hardware,Baja,Semi-Senior,13.77,0
4433,Martes,12,Hardware,Baja,Junior,20.0,1
4434,Lunes,22,Software,Media,Semi-Senior,4.81,0
4435,Lunes,0,Acceso,Baja,Semi-Senior,16.37,0
4436,Sábado,16,Acceso,Media,Semi-Senior,6.99,0
4437,Martes,2,Hardware,Baja,Semi-Senior,,1
4438,Lunes,14,Hardware,Baja,Semi-Senior,7.05,1
4439,Sábado,3,Hardware,Alta,Junior,13.68,0
4440,Sábado,3,Software,Baja,Semi-Senior,19.92,0
4441,Martes,17,Acceso,Baja,Junior,15.86,1
4442,Sábado,16,Software,Baja,Semi-Senior,8.96,1
4443,Martes,18,Redes,Alta,Senior,2.05,1
4444,Martes,10,Redes,Baja,Junior,25.02,1
4445,Miércoles,19,Acceso,Media,Junior,10.73,1
4446,Lunes,2,Hardware,Baja,Junior,18.31,0
4447,Jueves,7,Hardware,Media,Senior,4.3,0
4448,Martes,13,Software,Baja,Senior,8.41,1
4449,Lunes,0,Redes,Media,Junior,11.47,0
4450,Domingo,13,Redes,Alta,Semi-Senior,7.88,0
4451,Sábado,1,Acceso,Media,Junior,12.47,0
4452,Viernes,22,Redes,Media,Semi-Senior,21.65,0
4453,Martes,3,Hardware,Media,Semi-Senior,10.51,0
4454,Sábado,23,Hardware,Media,Semi-Senior,14.12,0
4455,Sábado,18,Hardware,Baja,Senior,,0
4456,Sábado,5,Acceso,Media,Semi-Senior,6.02,0
4457,Sábado,0,Software,Baja,Junior,13.49,1
4458,Sábado,16,Redes,Baja,Semi-Senior,12.63,1
4459,Martes,7,Acceso,Baja,Semi-Senior,9.75,0
4460,Domingo,18,Software,Baja,Senior,23.42,1
4461,Jueves,20,Acceso,Baja,Junior,15.08,1
4462,Miércoles,0,Redes,Media,Semi-Senior,9.58,0
4463,Sábado,4,Hardware,Baja,Semi-Senior,6.75,0
4464,Sábado,15,Software,Baja,Semi-Senior,28.58,1
4465,Miércoles,5,Software,Media,Junior,8.96,0
4466,Domingo,7,Acceso,Baja,Senior,13.21,0
4467,Domingo,12,Acceso,Media,Junior,10.82,1
4468,Martes,15,Hardware,Media,Junior,8.0,0
4469,Lunes,2,Acceso,Alta,Senior,3.37,0
4470,Viernes,18,Redes,Media,Junior,7.72,0
4471,Viernes,11,Redes,Baja,Junior,26.19,1
4472,Lunes,15,Redes,Baja,Semi-Senior,10.25,0
4473,Martes,10,Redes,Baja,Junior,13.12,1
4474,Viernes,9,Hardware,Alta,Senior,4.67,0
4475,Domingo,19,Hardware,Baja,Semi-Senior,24.96,1
4476,Miércoles,3,Hardware,Baja,Semi-Senior,9.14,1
4477,Lunes,11,Acceso,Baja,Junior,,1
4478,Domingo,22,Hardware,Alta,Junior,7.56,0
4479,Jueves,1,Software,Baja,Semi-Senior,26.07,0
4480,Martes,23,Software,Alta,Semi-Senior,7.67,0
4481,Lunes,21,Software,Baja,Semi-Senior,6.85,0
4482,Viernes,18,Acceso,Baja,Junior,17.89,1
4483,Martes,4,Acceso,Baja,Semi-Senior,14.85,0
4484,Miércoles,7,Hardware,Alta,Junior,,0
4485,Martes,6,Redes,Alta,Semi-Senior,1.74,0
4486,Martes,13,Software,Baja,Semi-Senior,13.49,0
4487,Miércoles,23,Acceso,Baja,Junior,17.65,0
4488,Sábado,22,Software,Media,Semi-Senior,4.22,0
4489,Miércoles,2,Hardware,Baja,Junior,13.26,0
4490,Domingo,17,Acceso,Baja,Semi-Senior,8.44,0
4491,Martes,15,Redes,Baja,Semi-Senior,15.14,0
4492,Miércoles,22,Redes,Baja,Junior,19.19,0
4493,Sábado,18,Acceso,Baja,Senior,4.71,0
4494,Domingo,18,Redes,Baja,Semi-Senior,16.48,1
4495,Lunes,17,Hardware,Baja,Senior,10.05,1
4496,Miércoles,19,Redes,Alta,Junior,6.21,0
4497,Miércoles,15,Software,Baja,Senior,13.78,1
4498,Martes,7,Software,Media,Junior,6.78,1
4499,Domingo,0,Software,Baja,Semi-Senior,6.71,0
4500,Lunes,16,Acceso,Media,Senior,5.27,0
4501,Jueves,11,Acceso,Baja,Junior,20.86,1
4502,Jueves,20,Acceso,Media,Junior,16.75,1
4503,Viernes,10,Acceso,Baja,Semi-Senior,15.8,1
4504,Miércoles,4,Acceso,Alta,Semi-Senior,3.15,0
4505,Miércoles,11,Hardware,Baja,Semi-Senior,7.53,0
4506,Lunes,16,Acceso,Baja,Junior,39.32,1
4507,Sábado,5,Redes,Alta,Semi-Senior,0.5,0
4508,Jueves,0,Hardware,Media,Junior,8.26,0
4509,Viernes,4,Acceso,Baja,Senior,17.49,0
4510,Lunes,13,Redes,Alta,Semi-Senior,1.59,0
4511,Miércoles,4,Hardware,Baja,Semi-Senior,9.29,0
4512,Jueves,21,Software,Baja,Junior,11.17,1
4513,Domingo,23,Hardware,Alta,Senior,7.52,0
4514,Viernes,0,Acceso,Baja,Semi-Senior,25.63,0
4515,Martes,17,Hardware,Alta,Senior,0.5,0
4516,Jueves,15,Hardware,Baja,Junior,11.48,0
4517,Viernes,8,Software,Media,Semi-Senior,6.41,0
4518,Lunes,18,Hardware,Media,Semi-Senior,3.92,0
4519,Martes,21,Hardware,Alta,Junior,8.2,0
4520,Viernes,4,Software,Media,Semi-Senior,2.28,0
4521,Viernes,1,Acceso,Baja,Junior,13.42,0
4522,Miércoles,14,Redes,Media,Junior,,0
4523,Sábado,6,Hardware,Baja,Junior,11.38,1
4524,Jueves,3,Software,Media,Semi-Senior,5.06,0
4525,Miércoles,0,Hardware,Alta,Semi-Senior,2.46,0
4526,Domingo,12,Acceso,Baja,Semi-Senior,17.04,1
4527,Martes,19,Acceso,Media,Junior,10.14,0
4528,Sábado,21,Software,Baja,Semi-Senior,8.63,0
4529,Viernes,6,Redes,Baja,Senior,10.79,0
4530,Miércoles,14,Redes,Baja,Junior,13.93,1
4531,Sábado,22,Hardware,Media,Junior,19.83,1
4532,Domingo,13,Software,Baja,Semi-Senior,12.85,0
4533,Jueves,22,Redes,Media,Semi-Senior,,0
4534,Domingo,18,Acceso,Baja,Semi-Senior,7.8,0
4535,Martes,21,Redes,Media,Semi-Senior,8.7,0
4536,Lunes,23,Software,Baja,Junior,15.27,1
4537,Miércoles,19,Acceso,Alta,Senior,6.79,0
4538,Martes,23,Hardware,Baja,Semi-Senior,6.97,0
4539,Lunes,17,Acceso,Media,Junior,9.58,0
4540,Miércoles,9,Redes,Baja,Junior,11.9,0
4541,Martes,8,Redes,Media,Semi-Senior,5.03,0
4542,Domingo,7,Redes,Baja,Semi-Senior,7.46,0
4543,Martes,9,Hardware,Media,Semi-Senior,4.53,0
4544,Sábado,16,Redes,Baja,Senior,15.37,0
4545,Domingo,1,Software,Media,Junior,17.68,0
4546,Miércoles,5,Hardware,Baja,Senior,8.78,0
4547,Martes,4,Acceso,Baja,Semi-Senior,22.37,1
4548,Viernes,8,Redes,Baja,Semi-Senior,9.19,0
4549,Miércoles,4,Software,Baja,Senior,5.73,1
4550,Martes,17,Software,Baja,Semi-Senior,,1
4551,Sábado,19,Hardware,Alta,Junior,13.52,0
4552,Lunes,8,Software,Alta,Senior,0.69,0
4553,Lunes,16,Hardware,Media,Semi-Senior,4.6,0
4554,Viernes,16,Hardware,Baja,Semi-Senior,17.64,1
4555,Miércoles,11,Hardware,Baja,Senior,,1
4556,Sábado,6,Acceso,Media,Semi-Senior,3.54,0
4557,Martes,2,Acceso,Baja,Semi-Senior,14.63,0
4558,Martes,9,Software,Alta,Semi-Senior,1.56,0
4559,Lunes,1,Acceso,Baja,Semi-Senior,26.43,1
4560,Sábado,2,Hardware,Alta,Junior,8.56,0
4561,Domingo,15,Hardware,Baja,Semi-Senior,10.4,1
4562,Viernes,1,Acceso,Media,Junior,5.64,0
4563,Lunes,23,Software,Baja,Semi-Senior,13.37,1
4564,Lunes,9,Hardware,Alta,Senior,2.12,0
4565,Viernes,5,Acceso,Baja,Junior,17.81,1
4566,Miércoles,21,Redes,Media,Junior,18.6,1
4567,Martes,10,Software,Alta,Junior,,0
4568,Miércoles,22,Software,Baja,Semi-Senior,10.67,1
4569,Sábado,6,Software,Baja,Senior,4.35,0
4570,Domingo,14,Redes,Baja,Semi-Senior,24.68,1
4571,Jueves,5,Hardware,Baja,Junior,21.27,1
4572,Jueves,19,Software,Baja,Semi-Senior,15.6,0
4573,Jueves,8,Acceso,Baja,Semi-Senior,11.76,0
4574,Viernes,21,Software,Baja,Junior,16.08,1
4575,Lunes,19,Acceso,Media,Semi-Senior,3.18,0
4576,Domingo,11,Software,Media,Junior,,0
4577,Miércoles,18,Acceso,Baja,Semi-Senior,12.21,0
4578,Martes,19,Acceso,Alta,Junior,,0
4579,Jueves,2,Acceso,Alta,Junior,10.2,0
4580,Miércoles,14,Redes,Media,Senior,1.45,0
4581,Jueves,1,Redes,Baja,Semi-Senior,10.32,1
4582,Domingo,20,Redes,Baja,Junior,17.15,1
4583,Jueves,1,Hardware,Media,Senior,12.54,0
4584,Martes,21,Acceso,Media,Semi-Senior,0.8,0
4585,Sábado,2,Hardware,Baja,Junior,19.64,1
4586,Sábado,5,Redes,Media,Semi-Senior,8.57,0
4587,Domingo,14,Acceso,Baja,Senior,15.62,1
4588,Sábado,9,Hardware,Baja,Semi-Senior,12.67,1
4589,Viernes,8,Redes,Media,Junior,7.63,0
4590,Lunes,0,Hardware,Media,Semi-Senior,5.02,0
4591,Viernes,15,Hardware,Baja,Semi-Senior,13.15,1
4592,Miércoles,5,Redes,Media,Senior,0.5,0
4593,Viernes,8,Acceso,Alta,Junior,10.27,0
4594,Miércoles,3,Software,Media,Semi-Senior,7.53,0
4595,Miércoles,1,Software,Media,Junior,13.25,0
4596,Lunes,3,Hardware,Baja,Semi-Senior,10.81,1
4597,Martes,0,Hardware,Baja,Senior,22.83,0
4598,Domingo,18,Hardware,Baja,Junior,18.62,1
4599,Lunes,9,Acceso,Media,Junior,14.23,0
4600,Domingo,20,Hardware,Media,Semi-Senior,5.89,0
4601,Sábado,14,Hardware,Baja,Semi-Senior,,0
4602,Sábado,21,Hardware,Baja,Junior,24.35,1
4603,Viernes,18,Redes,Baja,Semi-Senior,,1
4604,Miércoles,15,Software,Baja,Senior,8.16,0
4605,Jueves,20,Software,Alta,Semi-Senior,0.69,0
4606,Jueves,23,Redes,Media,Semi-Senior,,0
4607,Domingo,21,Acceso,Baja,Junior,16.99,1
4608,Miércoles,3,Acceso,Media,Senior,13.62,0
4609,Domingo,1,Acceso,Media,Junior,5.35,1
4610,Lunes,12,Redes,Media,Junior,4.59,0
4611,Martes,0,Software,Baja,Junior,,0
4612,Lunes,16,Software,Baja,Semi-Senior,20.05,1
4613,Miércoles,12,Hardware,Baja,Senior,11.41,0
4614,Miércoles,3,Software,Alta,Junior,5.91,0
4615,Martes,6,Acceso,Media,Senior,6.33,1
4616,Domingo,16,Acceso,Media,Senior,8.22,0
4617,Viernes,8,Hardware,Baja,Semi-Senior,14.54,0
4618,Viernes,3,Hardware,Baja,Semi-Senior,25.3,1
4619,Martes,18,Software,Baja,Junior,23.25,0
4620,Viernes,0,Hardware,Alta,Junior,16.79,0
4621,Jueves,9,Hardware,Baja,Senior,5.98,0
4622,Viernes,3,Redes,Baja,Semi-Senior,8.36,0
4623,Viernes,8,Software,Alta,Junior,12.97,0
4624,Viernes,12,Acceso,Media,Semi-Senior,10.12,0
4625,Jueves,13,Redes,Media,Senior,0.5,0
4626,Domingo,9,Acceso,Baja,Semi-Senior,12.11,1
4627,Viernes,5,Hardware,Media,Junior,10.64,0
4628,Sábado,15,Hardware,Baja,Semi-Senior,12.82,1
4629,Jueves,5,Acceso,Media,Semi-Senior,24.56,0
4630,Martes,16,Redes,Baja,Junior,28.39,1
4631,Lunes,9,Redes,Baja,Junior,12.71,1
4632,Martes,17,Redes,Media,Semi-Senior,12.38,0
4633,Lunes,21,Hardware,Media,Semi-Senior,2.53,0
4634,Martes,17,Software,Media,Junior,13.12,1
4635,Sábado,2,Hardware,Baja,Junior,19.79,1
4636,Lunes,19,Acceso,Baja,Junior,,1
4637,Lunes,20,Redes,Media,Junior,7.28,0
4638,Miércoles,14,Software,Media,Junior,13.14,1
4639,Lunes,14,Redes,Alta,Semi-Senior,11.52,0
4640,Lunes,3,Hardware,Media,Semi-Senior,10.92,0
4641,Miércoles,8,Software,Baja,Semi-Senior,12.74,0
4642,Viernes,18,Software,Alta,Semi-Senior,,0
4643,Viernes,23,Hardware,Baja,Junior,13.44,0
4644,Miércoles,16,Redes,Baja,Semi-Senior,12.26,0
4645,Jueves,10,Redes,Baja,Junior,11.21,1
4646,Lunes,8,Redes,Baja,Junior,10.88,1
4647,Lunes,9,Hardware,Media,Junior,8.6,0
4648,Miércoles,17,Acceso,Media,Senior,4.53,0
4649,Miércoles,19,Acceso,Media,Junior,18.52,1
4650,Jueves,12,Redes,Baja,Senior,13.83,0
4651,Sábado,7,Software,Baja,Junior,12.71,0
4652,Viernes,6,Acceso,Baja,Semi-Senior,17.4,0
4653,Martes,16,Redes,Media,Semi-Senior,2.64,0
4654,Sábado,20,Acceso,Baja,Junior,14.67,1
4655,Domingo,22,Redes,Alta,Junior,5.45,0
4656,Viernes,14,Acceso,Baja,Senior,8.97,0
4657,Lunes,19,Acceso,Baja,Semi-Senior,28.7,1
4658,Domingo,14,Software,Media,Junior,11.37,0
4659,Sábado,0,Software,Alta,Junior,29.53,1
4660,Miércoles,13,Acceso,Baja,Senior,5.87,0
4661,Jueves,4,Redes,Media,Senior,0.5,0
4662,Viernes,10,Software,Alta,Semi-Senior,9.97,0
4663,Jueves,15,Hardware,Alta,Junior,,0
4664,Domingo,1,Software,Media,Senior,0.98,0
4665,Viernes,7,Acceso,Media,Junior,,0
4666,Sábado,10,Acceso,Baja,Semi-Senior,7.26,1
4667,Lunes,17,Hardware,Alta,Semi-Senior,3.77,0
4668,Martes,2,Software,Baja,Junior,11.13,0
4669,Jueves,0,Acceso,Alta,Semi-Senior,4.47,0
4670,Jueves,10,Hardware,Baja,Senior,6.8,0
4671,Martes,15,Hardware,Baja,Semi-Senior,9.19,0
4672,Jueves,17,Redes,Media,Junior,20.73,1
4673,Jueves,15,Software,Baja,Junior,15.41,1
4674,Viernes,22,Software,Baja,Junior,12.39,0
4675,Viernes,9,Software,Media,Junior,19.23,0
4676,Martes,17,Acceso,Media,Semi-Senior,2.61,0
4677,Domingo,5,Hardware,Media,Semi-Senior,4.19,0
4678,Lunes,18,Redes,Baja,Junior,13.43,1
4679,Sábado,3,Software,Media,Junior,10.46,0
4680,Sábado,12,Redes,Baja,Junior,27.6,1
4681,Domingo,23,Redes,Baja,Semi-Senior,20.12,1
4682,Jueves,13,Hardware,Media,Semi-Senior,2.18,0
4683,Lunes,2,Software,Alta,Semi-Senior,5.25,0
4684,Martes,9,Redes,Baja,Semi-Senior,11.06,1
4685,Domingo,5,Software,Media,Semi-Senior,4.19,0
4686,Martes,0,Software,Baja,Semi-Senior,24.04,0
4687,Viernes,22,Software,Baja,Junior,26.05,1
4688,Jueves,23,Redes,Baja,Semi-Senior,12.38,1
4689,Miércoles,13,Hardware,Alta,Junior,,0
4690,Martes,7,Hardware,Alta,Junior,11.17,0
4691,Domingo,18,Redes,Media,Senior,4.53,1
4692,Jueves,13,Acceso,Media,Junior,20.54,1
4693,Lunes,9,Software,Media,Semi-Senior,7.75,0
4694,Domingo,16,Software,Baja,Semi-Senior,36.35,1
4695,Viernes,8,Hardware,Baja,Junior,16.45,1
4696,Sábado,5,Redes,Baja,Junior,15.57,1
4697,Lunes,10,Redes,Media,Semi-Senior,2.8,0
4698,Martes,6,Acceso,Alta,Junior,7.19,0
4699,Martes,16,Acceso,Baja,Junior,12.52,1
4700,Lunes,0,Hardware,Baja,Senior,6.55,0
4701,Martes,21,Acceso,Baja,Semi-Senior,12.76,1
4702,Domingo,4,Acceso,Alta,Junior,13.03,0
4703,Jueves,8,Redes,Baja,Junior,16.22,1
4704,Martes,17,Redes,Baja,Semi-Senior,16.99,1
4705,Viernes,23,Acceso,Media,Junior,14.72,1
4706,Jueves,20,Hardware,Media,Junior,10.69,0
4707,Domingo,1,Acceso,Baja,Semi-Senior,10.05,0
4708,Miércoles,10,Hardware,Baja,Junior,22.54,1
4709,Martes,5,Acceso,Media,Semi-Senior,6.54,0
4710,Martes,7,Redes,Baja,Semi-Senior,13.12,0
4711,Viernes,3,Redes,Alta,Junior,18.38,1
4712,Domingo,17,Hardware,Media,Junior,5.54,0
4713,Viernes,10,Acceso,Baja,Semi-Senior,22.68,1
4714,Sábado,4,Acceso,Baja,Semi-Senior,22.2,1
4715,Domingo,14,Hardware,Baja,Junior,15.62,0
4716,Lunes,17,Acceso,Baja,Junior,16.57,1
4717,Lunes,1,Software,Alta,Senior,4.11,0
4718,Lunes,21,Redes,Alta,Junior,2.77,0
4719,Viernes,10,Redes,Baja,Senior,,1
4720,Lunes,12,Hardware,Baja,Junior,13.38,1
4721,Domingo,3,Acceso,Baja,Junior,14.82,1
4722,Lunes,21,Hardware,Baja,Semi-Senior,26.43,1
4723,Miércoles,6,Software,Media,Junior,11.07,0
4724,Lunes,10,Acceso,Baja,Junior,21.54,1
4725,Martes,21,Software,Alta,Junior,17.53,1
4726,Sábado,23,Hardware,Baja,Senior,7.03,1
4727,Viernes,3,Redes,Media,Junior,6.57,0
4728,Jueves,14,Software,Alta,Semi-Senior,15.97,0
4729,Sábado,0,Acceso,Baja,Semi-Senior,13.78,0
4730,Miércoles,22,Hardware,Baja,Semi-Senior,16.83,0
4731,Viernes,2,Hardware,Baja,Semi-Senior,17.55,0
4732,Domingo,13,Hardware,Baja,Junior,17.86,1
4733,Viernes,5,Redes,Alta,Junior,7.01,0
4734,Martes,17,Hardware,Alta,Junior,16.72,0
4735,Domingo,0,Hardware,Alta,Junior,6.24,0
4736,Sábado,5,Redes,Alta,Junior,13.62,0
4737,Sábado,5,Hardware,Baja,Junior,28.02,1
4738,Lunes,20,Hardware,Alta,Senior,0.5,1
4739,Domingo,15,Software,Alta,Senior,26.96,0
4740,Martes,4,Hardware,Baja,Junior,12.73,1
4741,Lunes,16,Redes,Baja,Junior,15.74,1
4742,Lunes,9,Software,Media,Junior,9.62,0
4743,Viernes,20,Hardware,Baja,Junior,19.19,1
4744,Sábado,17,Redes,Baja,Junior,13.23,1
4745,Lunes,6,Acceso,Alta,Senior,5.73,0
4746,Miércoles,2,Hardware,Alta,Junior,,0
4747,Miércoles,12,Acceso,Baja,Junior,15.96,0
4748,Sábado,14,Software,Baja,Junior,13.85,1
4749,Miércoles,19,Redes,Alta,Senior,0.5,0
4750,Viernes,18,Software,Media,Senior,6.07,0
4751,Martes,2,Acceso,Baja,Semi-Senior,18.49,0
4752,Jueves,3,Acceso,Media,Semi-Senior,1.84,0
4753,Lunes,4,Acceso,Alta,Junior,3.95,0
4754,Jueves,0,Redes,Alta,Junior,13.84,0
4755,Martes,3,Acceso,Baja,Semi-Senior,14.79,1
4756,Martes,11,Acceso,Baja,Semi-Senior,9.21,1
4757,Viernes,23,Redes,Alta,Junior,8.79,0
4758,Miércoles,9,Acceso,Baja,Junior,15.5,1
4759,Miércoles,22,Hardware,Media,Semi-Senior,,1
4760,Martes,20,Acceso,Baja,Junior,18.22,1
4761,Viernes,19,Redes,Baja,Semi-Senior,12.56,1
4762,Viernes,23,Acceso,Baja,Junior,15.24,1
4763,Sábado,12,Redes,Baja,Junior,20.52,1
4764,Domingo,22,Acceso,Alta,Semi-Senior,6.05,0
4765,Lunes,13,Hardware,Baja,Senior,13.57,1
4766,Domingo,22,Redes,Alta,Junior,16.97,0
4767,Miércoles,4,Redes,Alta,Junior,13.24,0
4768,Martes,3,Redes,Baja,Junior,23.19,1
4769,Sábado,13,Redes,Media,Semi-Senior,4.86,0
4770,Jueves,9,Acceso,Baja,Senior,7.96,0
4771,Miércoles,16,Acceso,Media,Junior,15.18,1
4772,Lunes,9,Hardware,Media,Junior,,1
4773,Viernes,6,Hardware,Baja,Senior,20.25,0
4774,Martes,15,Acceso,Baja,Semi-Senior,11.57,1
4775,Miércoles,0,Software,Media,Semi-Senior,26.84,0
4776,Jueves,16,Redes,Alta,Junior,12.49,0
4777,Lunes,20,Acceso,Baja,Junior,12.46,1
4778,Lunes,8,Hardware,Media,Semi-Senior,4.19,0
4779,Sábado,5,Redes,Baja,Semi-Senior,9.49,0
4780,Miércoles,18,Hardware,Alta,Semi-Senior,2.01,0
4781,Jueves,12,Software,Baja,Junior,16.28,1
4782,Lunes,2,Redes,Media,Semi-Senior,1.13,0
4783,Martes,6,Software,Baja,Senior,7.3,0
4784,Lunes,21,Software,Media,Senior,14.49,0
4785,Jueves,8,Software,Alta,Junior,16.99,0
4786,Viernes,21,Acceso,Media,Semi-Senior,15.11,1
4787,Viernes,4,Hardware,Media,Semi-Senior,9.17,0
4788,Sábado,9,Redes,Media,Senior,7.89,0
4789,Miércoles,22,Acceso,Alta,Semi-Senior,5.14,0
4790,Jueves,16,Hardware,Media,Senior,0.5,0
4791,Sábado,11,Acceso,Alta,Senior,0.5,0
4792,Domingo,22,Hardware,Media,Junior,6.54,0
4793,Lunes,15,Redes,Media,Semi-Senior,9.78,0
4794,Domingo,2,Redes,Baja,Semi-Senior,26.71,1
4795,Lunes,21,Redes,Media,Junior,15.57,1
4796,Viernes,8,Redes,Baja,Junior,26.38,1
4797,Sábado,14,Hardware,Alta,Junior,14.08,0
4798,Viernes,4,Acceso,Media,Semi-Senior,4.17,0
4799,Martes,22,Redes,Alta,Junior,8.41,0
4800,Domingo,12,Redes,Baja,Senior,10.28,0
4801,Domingo,13,Redes,Baja,Semi-Senior,9.41,0
4802,Viernes,19,Software,Alta,Semi-Senior,7.66,0
4803,Martes,14,Redes,Baja,Junior,26.6,1
4804,Lunes,15,Redes,Baja,Semi-Senior,14.05,0
4805,Sábado,22,Hardware,Alta,Semi-Senior,,0
4806,Martes,12,Software,Media,Junior,7.41,1
4807,Sábado,16,Hardware,Baja,Senior,8.86,1
4808,Domingo,22,Acceso,Alta,Semi-Senior,4.25,0
4809,Sábado,7,Software,Baja,Junior,15.99,1
4810,Domingo,20,Hardware,Alta,Senior,5.58,0
4811,Martes,1,Hardware,Baja,Junior,13.41,1
4812,Domingo,4,Acceso,Media,Semi-Senior,2.89,0
4813,Miércoles,5,Acceso,Baja,Semi-Senior,9.3,0
4814,Domingo,11,Redes,Media,Junior,17.26,1
4815,Viernes,17,Redes,Baja,Semi-Senior,15.75,0
4816,Martes,21,Software,Alta,Semi-Senior,1.68,0
4817,Lunes,21,Software,Baja,Semi-Senior,7.31,1
4818,Sábado,0,Acceso,Baja,Junior,16.11,1
4819,Jueves,16,Software,Media,Junior,10.0,0
4820,Martes,10,Redes,Baja,Junior,15.23,1
4821,Viernes,9,Acceso,Baja,Senior,8.95,0
4822,Domingo,18,Hardware,Baja,Junior,,0
4823,Sábado,13,Acceso,Baja,Semi-Senior,10.24,0
4824,Miércoles,9,Software,Baja,Senior,13.67,1
4825,Lunes,14,Redes,Baja,Semi-Senior,9.58,1
4826,Miércoles,18,Redes,Baja,Senior,13.13,0
4827,Jueves,3,Hardware,Media,Senior,,0
4828,Martes,1,Hardware,Media,Junior,6.06,0
4829,Sábado,8,Acceso,Baja,Junior,10.59,1
4830,Martes,9,Redes,Alta,Junior,7.5,0
4831,Viernes,10,Hardware,Alta,Junior,8.42,0
4832,Martes,13,Hardware,Baja,Semi-Senior,12.02,1
4833,Lunes,6,Acceso,Baja,Junior,17.2,1
4834,Jueves,22,Acceso,Alta,Semi-Senior,3.51,0
4835,Miércoles,14,Redes,Baja,Junior,,1
4836,Jueves,21,Software,Baja,Junior,14.87,0
4837,Sábado,18,Software,Baja,Semi-Senior,8.82,0
4838,Martes,21,Redes,Media,Junior,9.39,0
4839,Sábado,14,Software,Baja,Semi-Senior,19.11,1
4840,Miércoles,23,Redes,Media,Senior,4.68,0
4841,Sábado,7,Redes,Media,Semi-Senior,15.7,0
4842,Viernes,10,Hardware,Media,Junior,13.65,1
4843,Jueves,8,Software,Alta,Senior,2.59,0
4844,Miércoles,14,Redes,Baja,Junior,14.03,1
4845,Miércoles,0,Software,Media,Semi-Senior,2.05,0
4846,Domingo,0,Software,Baja,Junior,15.72,1
4847,Miércoles,18,Acceso,Baja,Junior,30.88,1
4848,Domingo,2,Software,Baja,Senior,19.17,0
4849,Lunes,9,Redes,Baja,Junior,12.0,1
4850,Domingo,7,Hardware,Baja,Senior,7.33,0
4851,Jueves,14,Software,Baja,Junior,17.75,1
4852,Sábado,9,Redes,Baja,Senior,25.05,1
4853,Domingo,0,Acceso,Media,Senior,0.5,0
4854,Miércoles,17,Software,Baja,Semi-Senior,14.12,1
4855,Jueves,1,Hardware,Media,Semi-Senior,12.32,0
4856,Domingo,18,Software,Baja,Semi-Senior,13.48,1
4857,Domingo,12,Redes,Baja,Senior,23.9,1
4858,Miércoles,21,Software,Baja,Junior,14.09,1
4859,Viernes,0,Software,Baja,Semi-Senior,11.72,0
4860,Viernes,1,Acceso,Media,Junior,10.78,0
4861,Domingo,15,Software,Baja,Junior,,0
4862,Viernes,14,Hardware,Alta,Junior,27.16,0
4863,Martes,12,Software,Alta,Semi-Senior,5.6,0
4864,Miércoles,15,Acceso,Baja,Senior,21.6,0
4865,Martes,16,Redes,Media,Junior,9.5,1
4866,Jueves,20,Software,Baja,Semi-Senior,8.26,1
4867,Martes,6,Software,Media,Semi-Senior,11.37,0
4868,Jueves,23,Acceso,Media,Semi-Senior,2.36,0
4869,Domingo,16,Acceso,Baja,Senior,8.73,1
4870,Jueves,6,Acceso,Baja,Junior,,1
4871,Jueves,12,Software,Baja,Junior,17.76,1
4872,Sábado,4,Hardware,Baja,Junior,15.89,1
4873,Martes,16,Acceso,Media,Senior,0.5,0
4874,Sábado,2,Redes,Baja,Senior,6.94,0
4875,Domingo,6,Software,Baja,Junior,20.08,1
4876,Miércoles,16,Redes,Baja,Junior,12.05,1
4877,Martes,6,Redes,Media,Semi-Senior,13.76,0
4878,Miércoles,20,Hardware,Baja,Semi-Senior,23.05,1
4879,Miércoles,0,Redes,Media,Semi-Senior,5.04,0
4880,Jueves,16,Acceso,Media,Senior,1.52,0
4881,Martes,16,Acceso,Media,Senior,16.92,0
4882,Miércoles,10,Software,Media,Senior,7.39,0
4883,Viernes,2,Hardware,Baja,Semi-Senior,18.42,0
4884,Miércoles,14,Hardware,Baja,Junior,25.9,1
4885,Viernes,20,Redes,Media,Semi-Senior,5.89,0
4886,Martes,10,Hardware,Alta,Semi-Senior,5.6,0
4887,Domingo,15,Redes,Media,Junior,10.69,1
4888,Sábado,21,Redes,Baja,Junior,15.58,1
4889,Martes,8,Hardware,Baja,Semi-Senior,21.48,1
4890,Sábado,23,Software,Alta,Semi-Senior,2.0,0
4891,Sábado,23,Redes,Baja,Semi-Senior,11.44,0
4892,Martes,0,Acceso,Baja,Junior,20.98,0
4893,Miércoles,21,Acceso,Baja,Semi-Senior,14.82,1
4894,Lunes,15,Hardware,Alta,Junior,21.45,0
4895,Miércoles,8,Hardware,Baja,Semi-Senior,19.33,1
4896,Miércoles,18,Redes,Baja,Semi-Senior,10.1,1
4897,Domingo,11,Redes,Media,Senior,3.56,0
4898,Jueves,18,Acceso,Baja,Semi-Senior,23.72,1
4899,Jueves,21,Redes,Alta,Semi-Senior,9.72,0
4900,Miércoles,8,Acceso,Media,Semi-Senior,4.57,0
4901,Viernes,6,Redes,Baja,Semi-Senior,9.86,0
4902,Domingo,13,Software,Alta,Junior,4.28,0
4903,Sábado,18,Software,Alta,Semi-Senior,9.91,0
4904,Jueves,18,Acceso,Baja,Semi-Senior,23.73,1
4905,Miércoles,1,Software,Baja,Semi-Senior,19.81,0
4906,Domingo,8,Software,Alta,Junior,,0
4907,Lunes,12,Hardware,Baja,Senior,8.47,1
4908,Viernes,14,Redes,Alta,Junior,3.96,0
4909,Martes,2,Hardware,Alta,Junior,11.29,0
4910,Miércoles,10,Acceso,Baja,Senior,6.91,1
4911,Domingo,20,Hardware,Alta,Senior,0.58,0
4912,Miércoles,13,Acceso,Baja,Junior,18.74,1
4913,Sábado,7,Software,Media,Senior,5.33,0
4914,Viernes,17,Hardware,Baja,Junior,26.18,1
4915,Jueves,18,Software,Alta,Semi-Senior,4.66,0
4916,Jueves,15,Redes,Media,Semi-Senior,11.54,0
4917,Jueves,1,Software,Media,Semi-Senior,14.31,0
4918,Martes,7,Redes,Alta,Semi-Senior,7.96,0
4919,Domingo,21,Software,Media,Junior,11.15,1
4920,Viernes,5,Hardware,Baja,Junior,15.06,0
4921,Viernes,11,Hardware,Alta,Semi-Senior,4.14,0
4922,Jueves,14,Software,Media,Junior,10.82,0
4923,Jueves,7,Acceso,Alta,Senior,6.39,0
4924,Sábado,3,Acceso,Alta,Semi-Senior,2.04,0
4925,Lunes,14,Redes,Baja,Junior,14.37,1
4926,Lunes,19,Redes,Baja,Semi-Senior,23.65,1
4927,Miércoles,16,Software,Baja,Junior,17.77,0
4928,Miércoles,12,Hardware,Media,Junior,6.6,0
4929,Viernes,17,Redes,Baja,Semi-Senior,11.75,0
4930,Viernes,1,Software,Media,Senior,,0
4931,Martes,12,Redes,Baja,Semi-Senior,10.9,1
4932,Martes,12,Hardware,Baja,Junior,16.47,1
4933,Lunes,21,Redes,Baja,Semi-Senior,13.07,0
4934,Miércoles,14,Software,Baja,Junior,15.51,0
4935,Lunes,19,Redes,Media,Junior,11.44,0
4936,Lunes,9,Acceso,Baja,Senior,18.22,0
4937,Miércoles,2,Redes,Baja,Senior,18.71,0
4938,Domingo,18,Hardware,Baja,Junior,18.15,1
4939,Martes,2,Hardware,Media,Semi-Senior,5.45,0
4940,Sábado,21,Hardware,Alta,Senior,,0
4941,Sábado,13,Hardware,Baja,Junior,37.82,1
4942,Sábado,7,Software,Media,Junior,8.81,0
4943,Miércoles,22,Redes,Baja,Senior,14.89,0
4944,Jueves,3,Redes,Baja,Semi-Senior,10.87,0
4945,Jueves,19,Redes,Media,Junior,19.11,1
4946,Jueves,10,Redes,Baja,Junior,20.7,1
4947,Viernes,10,Software,Media,Junior,5.76,0
4948,Martes,10,Hardware,Baja,Semi-Senior,,1
4949,Martes,1,Redes,Alta,Semi-Senior,11.65,0
4950,Domingo,16,Redes,Baja,Semi-Senior,,0
4951,Domingo,8,Hardware,Media,Semi-Senior,32.63,1
4952,Viernes,1,Acceso,Alta,Junior,3.89,0
4953,Lunes,23,Acceso,Baja,Junior,13.65,0
4954,Domingo,14,Hardware,Baja,Junior,19.76,1
4955,Sábado,15,Redes,Baja,Senior,4.63,0
4956,Jueves,3,Hardware,Media,Semi-Senior,,0
4957,Sábado,7,Redes,Baja,Junior,18.84,1
4958,Jueves,8,Redes,Baja,Semi-Senior,15.4,0
4959,Sábado,4,Acceso,Media,Senior,5.3,0
4960,Lunes,15,Acceso,Baja,Semi-Senior,16.82,1
4961,Sábado,12,Redes,Media,Junior,8.67,1
4962,Sábado,6,Redes,Baja,Junior,15.94,1
4963,Miércoles,19,Redes,Baja,Junior,,1
4964,Sábado,16,Acceso,Media,Senior,,0
4965,Miércoles,2,Redes,Media,Semi-Senior,10.06,0
4966,Martes,4,Hardware,Baja,Semi-Senior,8.66,1
4967,Viernes,18,Software,Baja,Senior,9.3,0
4968,Sábado,11,Software,Baja,Senior,6.33,0
4969,Martes,6,Redes,Baja,Junior,19.79,0
4970,Domingo,8,Hardware,Baja,Junior,11.95,1
4971,Domingo,5,Redes,Baja,Semi-Senior,19.9,1
4972,Miércoles,16,Hardware,Media,Junior,,1
4973,Sábado,15,Acceso,Media,Semi-Senior,4.33,0
4974,Sábado,22,Acceso,Baja,Senior,6.58,0
4975,Lunes,2,Redes,Baja,Semi-Senior,28.13,1
4976,Martes,20,Acceso,Baja,Junior,14.07,1
4977,Jueves,3,Redes,Media,Junior,23.11,1
4978,Jueves,9,Software,Alta,Junior,7.97,0
4979,Lunes,4,Hardware,Media,Senior,24.3,1
4980,Miércoles,20,Hardware,Media,Junior,5.93,0
4981,Jueves,21,Software,Alta,Junior,7.28,0
4982,Jueves,9,Software,Baja,Junior,26.56,1
4983,Domingo,11,Software,Baja,Senior,7.69,0
4984,Domingo,9,Software,Media,Semi-Senior,6.28,0
4985,Viernes,12,Acceso,Baja,Senior,7.08,0
4986,Martes,10,Hardware,Media,Semi-Senior,24.12,1
4987,Miércoles,21,Hardware,Media,Semi-Senior,10.92,0
4988,Sábado,15,Software,Media,Junior,6.17,1
4989,Martes,7,Redes,Baja,Junior,16.47,1
4990,Miércoles,7,Redes,Media,Semi-Senior,5.73,1
4991,Jueves,7,Redes,Media,Senior,1.79,0
4992,Viernes,12,Redes,Alta,Junior,4.47,0
4993,Martes,1,Acceso,Media,Junior,6.0,0
4994,Jueves,11,Hardware,Alta,Semi-Senior,8.37,0
4995,Miércoles,9,Hardware,Baja,Junior,16.58,1
4996,Martes,11,Hardware,Baja,Semi-Senior,8.48,0
4997,Sábado,10,Redes,Baja,Junior,12.63,1
4998,Martes,14,Software,Baja,Junior,49.96,1
4999,Jueves,15,Redes,Alta,Junior,11.31,0
5000,Martes,16,Hardware,Alta,Semi-Senior,13.06,0
